class,x,y
TS,0,71.9109
TS,1,71.5637
TS,2,71.1441
TS,3,70.9877
TS,4,70.6596
TS,5,70.385
TS,6,70.1256
TS,7,69.6945
TS,8,69.3741
TS,9,69.191
TS,10,68.9888
TS,11,68.5425
TS,12,68.325
TS,13,67.9626
TS,14,67.7986
TS,15,67.4553
TS,16,67.3065
TS,17,67.1806
TS,18,66.8144
TS,19,66.5512
TS,20,66.391
TS,21,66.143
TS,22,65.9637
TS,23,65.7539
TS,24,65.6967
TS,25,65.4945
TS,26,65.4259
TS,27,65.2809
TS,28,65.0978
TS,29,64.9796
TS,30,64.8346
TS,31,64.8956
TS,32,64.8117
TS,33,64.6935
TS,34,64.7697
TS,35,64.4379
TS,36,64.6286
TS,37,64.4188
TS,38,64.2967
TS,39,64.2586
TS,40,64.2128
TS,41,64.1441
TS,42,64.1594
TS,43,64.0221
TS,44,64.0526
TS,45,63.9191
TS,46,63.8504
TS,47,63.6711
TS,48,63.7207
TS,49,63.6482
TS,50,63.4232
TS,51,63.3698
TS,52,63.2782
TS,53,63.385
TS,54,63.2629
TS,55,63.1714
TS,56,63.0989
TS,57,63.0074
TS,58,62.973
TS,59,62.9692
TS,60,62.8128
TS,61,62.7785
TS,62,62.6945
TS,63,62.4771
TS,64,62.252
TS,65,62.2673
TS,66,62.2368
TS,67,62.0079
TS,68,62.0995
TS,69,61.9316
TS,70,61.6875
TS,71,61.5845
TS,72,61.47
TS,73,61.3594
TS,74,61.2183
TS,75,61.0657
TS,76,60.8292
TS,77,60.6079
TS,78,60.6308
TS,79,60.6346
TS,80,60.4324
TS,81,60.2531
TS,82,60.0472
TS,83,59.9976
TS,84,59.6466
TS,85,59.6008
TS,86,59.391
TS,87,59.2308
TS,88,59.0591
TS,89,58.8303
TS,90,58.6777
TS,91,58.5938
TS,92,58.4068
TS,93,58.1207
TS,94,58.0902
TS,95,57.7431
TS,96,57.6973
TS,97,57.5867
TS,98,57.4875
TS,99,57.3463
TS,100,57.3616
TS,101,57.4722
TS,102,57.7316
TS,103,58.0978
TS,104,58.5136
TS,105,59.1774
TS,106,60.0128
TS,107,60.7567
TS,108,61.7599
TS,109,62.9959
TS,110,63.9153
TS,111,65.1817
TS,112,66.4406
TS,113,67.6613
TS,114,68.882
TS,115,70.034
TS,116,71.2242
TS,117,72.4258
TS,118,73.6313
TS,119,74.8749
TS,120,76.0345
TS,121,77.1408
TS,122,78.083
TS,123,79.0596
TS,124,80.0171
TS,125,80.7457
TS,126,81.604
TS,127,82.3708
TS,128,82.8896
TS,129,83.6067
TS,130,84.0187
TS,131,84.6825
TS,132,85.2318
TS,133,85.7658
TS,134,86.3609
TS,135,87.204
TS,136,87.7724
TS,137,88.2263
TS,138,88.8672
TS,139,89.5691
TS,140,90.2252
TS,141,90.7364
TS,142,91.1407
TS,143,91.6481
TS,144,92.0982
TS,145,92.2966
TS,146,92.7315
TS,147,92.8917
TS,148,93.1702
TS,149,93.1473
TS,150,93.2045
TS,151,92.8841
TS,152,92.598
TS,153,92.308
TS,154,91.5909
TS,155,91.0301
TS,156,90.313
TS,157,89.222
TS,158,88.192
TS,159,87.0705
TS,160,86.0252
TS,161,84.9342
TS,162,83.9424
TS,163,82.8438
TS,164,82.0198
TS,165,81.0165
TS,166,80.1468
TS,167,79.422
TS,168,78.3157
TS,169,77.755
TS,170,76.7365
TS,171,76.1147
TS,172,75.5348
TS,173,74.5964
TS,174,73.9098
TS,175,73.1812
TS,176,72.5937
TS,177,72.1054
TS,178,71.6248
TS,179,71.0411
TS,180,70.5757
TS,181,70.2705
TS,182,69.8891
TS,183,69.3016
TS,184,68.9659
TS,185,68.5234
TS,186,68.1534
TS,187,67.791
TS,188,67.2112
TS,189,66.9823
TS,190,66.6313
TS,191,66.3223
TS,192,65.8455
TS,193,65.4831
TS,194,65.0406
TS,195,64.9147
TS,196,64.6172
TS,197,64.3044
TS,198,64.0602
TS,199,63.7512
TS,200,63.3354
TS,201,63.3469
TS,202,62.8204
TS,203,62.6488
TS,204,62.5305
TS,205,62.191
TS,206,62.0804
TS,207,61.9621
TS,208,61.8515
TS,209,61.6684
TS,210,61.4433
TS,211,61.3518
TS,212,61.1839
TS,213,61.1763
TS,214,61.0008
TS,215,60.9169
TS,216,60.7834
TS,217,60.6995
TS,218,60.6689
TS,219,60.4858
TS,220,60.833
TS,221,60.4706
TS,222,60.3142
TS,223,60.2913
TS,224,60.3828
TS,225,60.3371
TS,226,60.4324
TS,227,60.2837
TS,228,60.2264
TS,229,60.1807
TS,230,60.1501
TS,231,60.1158
TS,232,60.1578
TS,233,60.112
TS,234,60.112
TS,235,60.2303
TS,236,60.0815
TS,237,59.8564
TS,238,59.9556
TS,239,59.9937
TS,240,59.9823
TS,241,59.967
TS,242,59.6466
TS,243,59.8946
TS,244,59.948
TS,245,59.7076
TS,246,59.8259
TS,247,59.6313
TS,248,59.4597
TS,249,59.5932
TS,250,59.5818
TS,251,59.2766
TS,252,59.33
TS,253,59.2117
TS,254,59.2308
TS,255,59.063
TS,256,58.8341
TS,257,58.8684
TS,258,58.7769
TS,259,58.6205
TS,260,58.7997
TS,261,58.4526
TS,262,58.4297
TS,263,58.3
TS,264,58.2657
TS,265,58.1131
TS,266,58.0177
TS,267,57.9643
TS,268,57.5905
TS,269,57.3006
TS,270,57.3273
TS,271,57.0717
TS,272,56.9649
TS,273,56.8352
TS,274,56.7818
TS,275,56.5834
TS,276,56.5224
TS,277,56.4499
TS,278,56.3126
TS,279,56.2172
TS,280,56.0493
TS,281,56.0646
TS,282,56.1943
TS,283,56.3316
TS,284,56.4766
TS,285,56.7703
TS,286,57.3807
TS,287,58.1398
TS,288,58.8722
TS,289,59.6809
TS,290,60.8025
TS,291,62.0499
TS,292,63.1218
TS,293,64.3959
TS,294,65.5823
TS,295,66.864
TS,296,68.1839
TS,297,69.3169
TS,298,70.6978
TS,299,71.9795
TS,300,73.1392
TS,301,74.398
TS,302,75.5959
TS,303,76.6487
TS,304,77.6939
TS,305,78.5522
TS,306,79.4754
TS,307,80.3528
TS,308,81.0013
TS,309,81.6383
TS,310,82.18
TS,311,83.0307
TS,312,83.3473
TS,313,84.034
TS,314,84.5947
TS,315,85.0639
TS,316,85.7353
TS,317,86.3876
TS,318,86.8416
TS,319,87.6579
TS,320,88.0623
TS,321,88.7299
TS,322,89.2868
TS,323,89.8018
TS,324,90.4083
TS,325,90.8508
TS,326,91.3963
TS,327,91.7816
TS,328,92.0219
TS,329,92.3729
TS,330,92.5674
TS,331,92.6857
TS,332,92.7162
TS,333,92.7429
TS,334,92.556
TS,335,92.3271
TS,336,92.0181
TS,337,91.4955
TS,338,90.8585
TS,339,90.0154
TS,340,89.0121
TS,341,88.0966
TS,342,86.895
TS,343,86.0558
TS,344,84.8351
TS,345,83.683
TS,346,82.7255
TS,347,81.6193
TS,348,80.5893
TS,349,79.7615
TS,350,78.8841
TS,351,77.9266
TS,352,77.3468
TS,353,76.5228
TS,354,75.8362
TS,355,74.749
TS,356,74.1882
TS,357,73.5435
TS,358,72.7386
TS,359,72.1741
TS,360,71.3806
TS,361,71.022
TS,362,70.3125
TS,363,70.1065
TS,364,69.3893
TS,365,69.2596
TS,366,68.9316
TS,367,68.2907
TS,368,68.0504
TS,369,67.7185
TS,370,67.2264
TS,371,67.0891
TS,372,66.4444
TS,373,66.3223
TS,374,65.9523
TS,375,65.6776
TS,376,65.3152
TS,377,64.9872
TS,378,64.682
TS,379,64.4302
TS,380,64.0907
TS,381,63.7016
TS,382,63.4956
TS,383,63.343
TS,384,63.1676
TS,385,62.8357
TS,386,62.7289
TS,387,62.5648
TS,388,62.1796
TS,389,62.1109
TS,390,61.8858
TS,391,61.821
TS,392,61.6188
TS,393,61.7142
TS,394,61.348
TS,395,61.1839
TS,396,61.1763
TS,397,61.0008
TS,398,60.9245
TS,399,60.8978
TS,400,60.7376
TS,401,60.688
TS,402,60.6842
TS,403,60.6003
TS,404,60.4591
TS,405,60.5392
TS,406,60.4515
TS,407,60.3714
TS,408,60.3561
TS,409,60.5469
TS,410,60.3523
TS,411,60.3218
TS,412,60.4057
TS,413,60.3638
TS,414,60.2798
TS,415,60.3371
TS,416,60.215
TS,417,60.2798
TS,418,60.2417
TS,419,60.3333
TS,420,60.276
TS,421,60.1654
TS,422,60.2455
TS,423,60.1578
TS,424,59.9594
TS,425,60.0319
TS,426,59.9251
TS,427,59.8793
TS,428,59.8946
TS,429,59.7496
TS,430,59.6962
TS,431,59.5169
TS,432,59.4139
TS,433,59.5818
TS,434,59.3376
TS,435,59.2957
TS,436,59.3071
TS,437,59.1164
TS,438,59.1431
TS,439,59.0744
TS,440,58.7921
TS,441,58.8379
TS,442,58.7845
TS,443,58.5327
TS,444,58.4984
TS,445,58.4526
TS,446,58.2581
TS,447,58.1093
TS,448,58.0292
TS,449,57.9033
TS,450,57.8766
TS,451,57.7202
TS,452,57.5333
TS,453,57.3082
TS,454,57.1671
TS,455,56.9267
TS,456,56.8848
TS,457,56.7741
TS,458,56.7207
TS,459,56.7551
TS,460,56.5796
TS,461,56.4499
TS,462,56.4232
TS,463,56.4766
TS,464,56.5643
TS,465,56.8237
TS,466,57.106
TS,467,57.7202
TS,468,58.4984
TS,469,59.3185
TS,470,60.173
TS,471,61.3441
TS,472,62.5763
TS,473,63.9267
TS,474,65.1436
TS,475,66.4635
TS,476,67.6041
TS,477,68.9926
TS,478,70.4727
TS,479,71.6896
TS,480,73.0095
TS,481,74.2493
TS,482,75.6836
TS,483,76.7822
TS,484,77.961
TS,485,79.1931
TS,486,80.0591
TS,487,81.0738
TS,488,81.9321
TS,489,82.5844
TS,490,83.3626
TS,491,84.0416
TS,492,84.7359
TS,493,85.2585
TS,494,85.9375
TS,495,86.5631
TS,496,87.2421
TS,497,87.925
TS,498,88.6536
TS,499,89.4203
TS,500,90.2061
TS,501,90.9271
TS,502,91.4536
TS,503,92.0982
TS,504,92.8192
TS,505,93.38
TS,506,93.9751
TS,507,94.2383
TS,508,94.9249
TS,509,95.4704
TS,510,95.7527
TS,511,96.1266
TS,512,96.283
TS,513,96.3745
TS,514,96.4279
TS,515,96.3821
TS,516,96.18
TS,517,96.035
TS,518,95.7565
TS,519,95.0088
TS,520,94.4633
TS,521,93.5707
TS,522,92.72
TS,523,91.6901
TS,524,90.5037
TS,525,89.3517
TS,526,88.3331
TS,527,86.9904
TS,528,85.6094
TS,529,84.404
TS,530,83.4694
TS,531,82.2716
TS,532,81.1882
TS,533,80.2078
TS,534,79.2656
TS,535,78.3615
TS,536,77.4727
TS,537,76.4465
TS,538,75.7484
TS,539,74.9397
TS,540,74.3141
TS,541,73.4444
TS,542,72.9485
TS,543,72.4144
TS,544,71.7239
TS,545,71.209
TS,546,70.9114
TS,547,70.2782
TS,548,70.0569
TS,549,69.7708
TS,550,69.4695
TS,551,68.9468
TS,552,68.8553
TS,553,68.5692
TS,554,67.9626
TS,555,67.8215
TS,556,67.4171
TS,557,67.3065
TS,558,66.8755
TS,559,66.6428
TS,560,66.3338
TS,561,66.1736
TS,562,65.8073
TS,563,65.5746
TS,564,65.3992
TS,565,65.0406
TS,566,64.8346
TS,567,64.6935
TS,568,64.4531
TS,569,64.167
TS,570,64.0411
TS,571,63.9534
TS,572,63.6787
TS,573,63.4041
TS,574,63.3469
TS,575,63.2248
TS,576,63.2896
TS,577,63.0264
TS,578,62.8624
TS,579,62.9425
TS,580,62.5725
TS,581,62.5763
TS,582,62.5496
TS,583,62.561
TS,584,62.4466
TS,585,62.3131
TS,586,62.397
TS,587,62.3016
TS,588,62.1338
TS,589,62.2597
TS,590,62.1605
TS,591,62.1262
TS,592,62.1719
TS,593,62.0384
TS,594,62.1414
TS,595,62.0041
TS,596,61.9965
TS,597,62.0384
TS,598,61.9125
TS,599,61.8896
TS,600,61.8019
TS,601,61.7676
TS,602,61.9507
TS,603,61.7943
TS,604,61.6913
TS,605,61.657
TS,606,61.4929
TS,607,61.615
TS,608,61.4548
TS,609,61.3556
TS,610,61.3708
TS,611,61.0695
TS,612,61.203
TS,613,60.9322
TS,614,60.8025
TS,615,60.7681
TS,616,60.7376
TS,617,60.5202
TS,618,60.5659
TS,619,60.2837
TS,620,60.3485
TS,621,60.1768
TS,622,60.1578
TS,623,60.0204
TS,624,59.8488
TS,625,59.8221
TS,626,59.4521
TS,627,59.4635
TS,628,59.5055
TS,629,59.2918
TS,630,59.0286
TS,631,59.0477
TS,632,58.7044
TS,633,58.651
TS,634,58.3153
TS,635,58.3344
TS,636,58.1474
TS,637,57.9262
TS,638,57.7278
TS,639,57.7583
TS,640,57.5905
TS,641,57.5523
TS,642,57.3997
TS,643,57.3158
TS,644,57.2205
TS,645,57.1899
TS,646,57.3997
TS,647,57.6172
TS,648,58.1245
TS,649,58.506
TS,650,59.3758
TS,651,60.2493
TS,652,61.3708
TS,653,62.6106
TS,654,63.6406
TS,655,65.0215
TS,656,66.2498
TS,657,67.5125
TS,658,69.0765
TS,659,70.5452
TS,660,71.7125
TS,661,72.937
TS,662,74.3179
TS,663,75.8171
TS,664,76.9463
TS,665,78.1174
TS,666,79.3343
TS,667,80.4329
TS,668,81.4896
TS,669,82.4089
TS,670,83.2329
TS,671,84.0378
TS,672,84.6558
TS,673,85.6552
TS,674,86.1816
TS,675,86.8645
TS,676,87.4748
TS,677,88.3751
TS,678,89.1418
TS,679,89.9086
TS,680,90.5914
TS,681,91.4154
TS,682,92.1593
TS,683,93.0214
TS,684,93.7576
TS,685,94.4748
TS,686,95.3369
TS,687,95.8481
TS,688,96.5424
TS,689,97.2366
TS,690,97.5723
TS,691,98.0644
TS,692,98.4955
TS,693,98.7625
TS,694,99.041
TS,695,99.1669
TS,696,99.2546
TS,697,99.2813
TS,698,99.0448
TS,699,98.7206
TS,700,98.3467
TS,701,97.9614
TS,702,97.2404
TS,703,96.5958
TS,704,95.6955
TS,705,94.6236
TS,706,93.4372
TS,707,92.4034
TS,708,91.0492
TS,709,89.7827
TS,710,88.2645
TS,711,87.0323
TS,712,85.8612
TS,713,84.7244
TS,714,83.4045
TS,715,82.2868
TS,716,81.0776
TS,717,80.2765
TS,718,79.4754
TS,719,78.5828
TS,720,77.5604
TS,721,76.7479
TS,722,76.088
TS,723,75.2182
TS,724,74.6765
TS,725,74.1348
TS,726,73.4901
TS,727,72.8073
TS,728,72.3457
TS,729,71.9833
TS,730,71.5942
TS,731,71.3539
TS,732,70.9648
TS,733,70.5948
TS,734,70.2934
TS,735,69.9577
TS,736,69.664
TS,737,69.4008
TS,738,69.0804
TS,739,68.821
TS,740,68.5196
TS,741,68.2983
TS,742,68.058
TS,743,67.9588
TS,744,67.4782
TS,745,67.215
TS,746,67.0815
TS,747,66.7572
TS,748,66.6161
TS,749,66.3071
TS,750,66.2041
TS,751,66.082
TS,752,65.834
TS,753,65.815
TS,754,65.4221
TS,755,65.3725
TS,756,65.2809
TS,757,64.9033
TS,758,64.8956
TS,759,64.7316
TS,760,64.6935
TS,761,64.4569
TS,762,64.5714
TS,763,64.3425
TS,764,64.2738
TS,765,64.2433
TS,766,64.1098
TS,767,64.0297
TS,768,64.0984
TS,769,63.9458
TS,770,64.0068
TS,771,63.9
TS,772,63.9114
TS,773,63.7131
TS,774,63.7131
TS,775,63.6559
TS,776,63.7131
TS,777,63.549
TS,778,63.53
TS,779,63.4422
TS,780,63.5185
TS,781,63.3163
TS,782,63.4155
TS,783,63.385
TS,784,63.3965
TS,785,63.1409
TS,786,63.1104
TS,787,62.9997
TS,788,63.1027
TS,789,62.9997
TS,790,62.8052
TS,791,62.6678
TS,792,62.6221
TS,793,62.4771
TS,794,62.4886
TS,795,62.2215
TS,796,62.2292
TS,797,62.2635
TS,798,62.0537
TS,799,61.8172
TS,800,61.7905
TS,801,61.7104
TS,802,61.554
TS,803,61.4929
TS,804,61.2869
TS,805,61.1496
TS,806,61.1114
TS,807,60.9779
TS,808,60.7758
TS,809,60.6766
TS,810,60.5278
TS,811,60.4591
TS,812,60.4057
TS,813,60.0815
TS,814,60.0243
TS,815,59.8106
TS,816,59.4864
TS,817,59.433
TS,818,59.33
TS,819,59.063
TS,820,58.8074
TS,821,58.7578
TS,822,58.5709
TS,823,58.6243
TS,824,58.4183
TS,825,58.2886
TS,826,58.1245
TS,827,58.1512
TS,828,58.1474
TS,829,58.4068
TS,830,58.6739
TS,831,58.8799
TS,832,59.7534
TS,833,60.3485
TS,834,61.367
TS,835,62.4886
TS,836,63.6559
TS,837,64.991
TS,838,66.4139
TS,839,67.73
TS,840,69.1795
TS,841,70.4956
TS,842,71.907
TS,843,73.3414
TS,844,74.8749
TS,845,76.4465
TS,846,77.7397
TS,847,79.155
TS,848,80.4939
TS,849,81.6193
TS,850,82.7904
TS,851,83.9462
TS,852,84.8389
TS,853,85.7811
TS,854,86.7958
TS,855,87.3947
TS,856,88.2912
TS,857,89.0045
TS,858,89.7484
TS,859,90.5151
TS,860,91.1598
TS,861,92.1631
TS,862,92.8535
TS,863,93.7767
TS,864,94.7533
TS,865,95.562
TS,866,96.3364
TS,867,97.2481
TS,868,98.0797
TS,869,98.7511
TS,870,99.5178
TS,871,100.22
TS,872,100.765
TS,873,101.402
TS,874,101.826
TS,875,102.249
TS,876,102.589
TS,877,102.829
TS,878,103.043
TS,879,103.031
TS,880,103.001
TS,881,102.886
TS,882,102.551
TS,883,102.2
TS,884,101.532
TS,885,101.086
TS,886,100.25
TS,887,99.4263
TS,888,98.381
TS,889,97.2977
TS,890,95.9511
TS,891,94.6465
TS,892,93.2541
TS,893,91.6519
TS,894,90.2634
TS,895,88.8214
TS,896,87.5397
TS,897,86.0329
TS,898,84.8503
TS,899,83.6143
TS,900,82.695
TS,901,81.6154
TS,902,80.6694
TS,903,79.6623
TS,904,78.7315
TS,905,77.8389
TS,906,77.1523
TS,907,76.4008
TS,908,75.7866
TS,909,75.119
TS,910,74.501
TS,911,74.1386
TS,912,73.7228
TS,913,73.2841
TS,914,73.0095
TS,915,72.7997
TS,916,72.2885
TS,917,72.1397
TS,918,71.6591
TS,919,71.5637
TS,920,71.3463
TS,921,70.9496
TS,922,70.7207
TS,923,70.5223
TS,924,70.4002
TS,925,70.2324
TS,926,69.7479
TS,927,69.6411
TS,928,69.3245
TS,929,69.1528
TS,930,68.8133
TS,931,68.6226
TS,932,68.4357
TS,933,68.3174
TS,934,67.9779
TS,935,67.8177
TS,936,67.6193
TS,937,67.646
TS,938,67.3714
TS,939,67.1768
TS,940,66.9556
TS,941,66.8106
TS,942,66.7725
TS,943,66.597
TS,944,66.494
TS,945,66.4024
TS,946,66.3681
TS,947,66.1736
TS,948,66.0744
TS,949,65.9752
TS,950,65.9981
TS,951,65.815
TS,952,65.6624
TS,953,65.6166
TS,954,65.5441
TS,955,65.6967
TS,956,65.403
TS,957,65.2351
TS,958,65.2962
TS,959,65.3801
TS,960,65.2237
TS,961,65.052
TS,962,65.1207
TS,963,64.9681
TS,964,64.9719
TS,965,64.8918
TS,966,64.7163
TS,967,64.5866
TS,968,64.5561
TS,969,64.6172
TS,970,64.5294
TS,971,64.4341
TS,972,64.3082
TS,973,64.2624
TS,974,64.1975
TS,975,64.0526
TS,976,64.0335
TS,977,63.7283
TS,978,63.6482
TS,979,63.5986
TS,980,63.3049
TS,981,63.3888
TS,982,63.2744
TS,983,62.9921
TS,984,62.9616
TS,985,62.7785
TS,986,62.603
TS,987,62.4886
TS,988,62.5458
TS,989,62.1719
TS,990,62.2063
TS,991,61.9011
TS,992,61.7828
TS,993,61.7561
TS,994,61.4853
TS,995,61.3823
TS,996,61.1687
TS,997,61.1114
TS,998,61.0199
TS,999,60.9665
TS,1000,60.6079
TS,1001,60.5431
TS,1002,60.3867
TS,1003,60.1158
TS,1004,59.7954
TS,1005,59.7191
TS,1006,59.4559
TS,1007,59.1202
TS,1008,59.0706
TS,1009,58.7845
TS,1010,58.7883
TS,1011,58.6586
TS,1012,58.5289
TS,1013,58.5022
TS,1014,58.5709
TS,1015,58.7845
TS,1016,59.1774
TS,1017,59.4826
TS,1018,60.2798
TS,1019,61.1382
TS,1020,62.2215
TS,1021,63.2477
TS,1022,64.6706
TS,1023,65.8722
TS,1024,67.4019
TS,1025,68.8171
TS,1026,70.2591
TS,1027,71.7125
TS,1028,73.1239
TS,1029,74.5735
TS,1030,76.0612
TS,1031,77.2476
TS,1032,78.6705
TS,1033,80.0056
TS,1034,81.4476
TS,1035,82.4318
TS,1036,83.5838
TS,1037,84.6672
TS,1038,85.6247
TS,1039,86.6318
TS,1040,87.3871
TS,1041,88.2568
TS,1042,88.974
TS,1043,89.5767
TS,1044,90.3816
TS,1045,90.9348
TS,1046,91.7549
TS,1047,92.5713
TS,1048,93.2579
TS,1049,94.0323
TS,1050,95.0623
TS,1051,95.8214
TS,1052,96.4661
TS,1053,97.4655
TS,1054,97.9195
TS,1055,98.7854
TS,1056,99.5102
TS,1057,100.086
TS,1058,100.78
TS,1059,101.227
TS,1060,101.624
TS,1061,102.074
TS,1062,102.131
TS,1063,102.337
TS,1064,102.394
TS,1065,102.394
TS,1066,102.36
TS,1067,102.047
TS,1068,101.814
TS,1069,101.326
TS,1070,100.796
TS,1071,99.9374
TS,1072,99.1211
TS,1073,98.1445
TS,1074,97.229
TS,1075,95.7146
TS,1076,94.5053
TS,1077,93.0138
TS,1078,91.6328
TS,1079,90.0078
TS,1080,88.7451
TS,1081,87.204
TS,1082,85.8078
TS,1083,84.8045
TS,1084,83.5342
TS,1085,82.4699
TS,1086,81.2073
TS,1087,80.3032
TS,1088,79.422
TS,1089,78.3424
TS,1090,77.6176
TS,1091,76.8662
TS,1092,76.21
TS,1093,75.3403
TS,1094,74.8291
TS,1095,74.2035
TS,1096,73.7343
TS,1097,73.3986
TS,1098,72.7768
TS,1099,72.4716
TS,1100,72.1474
TS,1101,71.9032
TS,1102,71.4684
TS,1103,71.2242
TS,1104,70.961
TS,1105,70.6902
TS,1106,70.2667
TS,1107,70.0531
TS,1108,69.6831
TS,1109,69.5267
TS,1110,69.2062
TS,1111,69.0956
TS,1112,68.6226
TS,1113,68.3899
TS,1114,68.2106
TS,1115,67.9321
TS,1116,67.7338
TS,1117,67.3981
TS,1118,67.2569
TS,1119,66.9518
TS,1120,66.7953
TS,1121,66.6847
TS,1122,66.2003
TS,1123,66.143
TS,1124,65.9714
TS,1125,65.7692
TS,1126,65.7196
TS,1127,65.4793
TS,1128,65.3496
TS,1129,65.2733
TS,1130,65.1321
TS,1131,65.1054
TS,1132,65.0711
TS,1133,65.0139
TS,1134,64.7545
TS,1135,64.7507
TS,1136,64.5256
TS,1137,64.5447
TS,1138,64.5103
TS,1139,64.4798
TS,1140,64.4264
TS,1141,64.1899
TS,1142,64.2815
TS,1143,64.0984
TS,1144,64.0793
TS,1145,63.9915
TS,1146,64.0755
TS,1147,63.5834
TS,1148,63.8771
TS,1149,63.6559
TS,1150,63.8123
TS,1151,63.5681
TS,1152,63.6177
TS,1153,63.4117
TS,1154,63.5147
TS,1155,63.4117
TS,1156,63.1599
TS,1157,63.1714
TS,1158,63.1256
TS,1159,63.0112
TS,1160,63.0455
TS,1161,63.0188
TS,1162,62.7556
TS,1163,62.7098
TS,1164,62.5381
TS,1165,62.3932
TS,1166,62.2063
TS,1167,62.2749
TS,1168,62.0613
TS,1169,61.8858
TS,1170,61.7409
TS,1171,61.718
TS,1172,61.6913
TS,1173,61.4052
TS,1174,61.2373
TS,1175,61.1801
TS,1176,61.0046
TS,1177,60.7834
TS,1178,60.7033
TS,1179,60.482
TS,1180,60.3485
TS,1181,60.1997
TS,1182,59.8946
TS,1183,59.8717
TS,1184,59.6428
TS,1185,59.4864
TS,1186,59.2804
TS,1187,59.1507
TS,1188,58.9943
TS,1189,58.6128
TS,1190,58.5327
TS,1191,58.4908
TS,1192,58.3687
TS,1193,58.1474
TS,1194,58.0101
TS,1195,57.7965
TS,1196,57.7354
TS,1197,57.7507
TS,1198,57.5333
TS,1199,57.5981
TS,1200,57.6477
TS,1201,57.6744
TS,1202,57.972
TS,1203,58.4679
TS,1204,59.1431
TS,1205,59.6428
TS,1206,60.6728
TS,1207,61.6264
TS,1208,62.5381
TS,1209,63.7245
TS,1210,65.052
TS,1211,66.1392
TS,1212,67.2569
TS,1213,68.5539
TS,1214,69.6678
TS,1215,71.2051
TS,1216,72.1626
TS,1217,73.4901
TS,1218,74.7223
TS,1219,75.84
TS,1220,76.9005
TS,1221,77.9724
TS,1222,78.9528
TS,1223,79.9637
TS,1224,80.7571
TS,1225,81.6269
TS,1226,82.3898
TS,1227,82.9124
TS,1228,83.6334
TS,1229,84.2896
TS,1230,84.9075
TS,1231,85.4721
TS,1232,86.0405
TS,1233,86.689
TS,1234,87.2726
TS,1235,88.1233
TS,1236,88.6574
TS,1237,89.4089
TS,1238,89.9582
TS,1239,90.5533
TS,1240,91.1255
TS,1241,91.7358
TS,1242,92.2394
TS,1243,92.7162
TS,1244,92.9832
TS,1245,93.4219
TS,1246,93.6813
TS,1247,93.895
TS,1248,94.1734
TS,1249,94.0285
TS,1250,94.1124
TS,1251,93.8492
TS,1252,93.3685
TS,1253,93.0023
TS,1254,92.5102
TS,1255,91.5756
TS,1256,90.8737
TS,1257,89.9963
TS,1258,88.8557
TS,1259,87.5664
TS,1260,86.5288
TS,1261,85.2852
TS,1262,84.4536
TS,1263,83.3282
TS,1264,82.3135
TS,1265,81.4629
TS,1266,80.6046
TS,1267,79.7195
TS,1268,78.8078
TS,1269,77.9457
TS,1270,77.0607
TS,1271,76.1719
TS,1272,75.4128
TS,1273,74.8863
TS,1274,74.1997
TS,1275,73.3948
TS,1276,72.8989
TS,1277,72.0901
TS,1278,71.8384
TS,1279,71.3234
TS,1280,70.9763
TS,1281,70.2972
TS,1282,69.8929
TS,1283,69.6373
TS,1284,69.2253
TS,1285,68.7828
TS,1286,68.4166
TS,1287,68.058
TS,1288,67.5812
TS,1289,67.3103
TS,1290,67.009
TS,1291,66.3986
TS,1292,66.1888
TS,1293,65.8302
TS,1294,65.7043
TS,1295,65.0711
TS,1296,64.8499
TS,1297,64.4112
TS,1298,64.2433
TS,1299,64.0717
TS,1300,63.736
TS,1301,63.4995
TS,1302,63.3202
TS,1303,62.9578
TS,1304,63.0112
TS,1305,62.7327
TS,1306,62.5839
TS,1307,62.294
TS,1308,62.1147
TS,1309,62.1185
TS,1310,61.9125
TS,1311,61.7638
TS,1312,61.6379
TS,1313,61.5501
TS,1314,61.2869
TS,1315,61.2946
TS,1316,61.348
TS,1317,61.1916
TS,1318,61.2526
TS,1319,61.0847
TS,1320,61.0199
TS,1321,60.8063
TS,1322,60.8711
TS,1323,60.7033
TS,1324,61.0542
TS,1325,60.7719
TS,1326,60.6461
TS,1327,60.5507
TS,1328,60.6041
TS,1329,60.6155
TS,1330,60.5087
TS,1331,60.463
TS,1332,60.6308
TS,1333,60.4706
TS,1334,60.5392
TS,1335,60.4935
TS,1336,60.4515
TS,1337,60.36
TS,1338,60.3523
TS,1339,60.4668
TS,1340,60.2875
TS,1341,60.3447
TS,1342,60.2493
TS,1343,60.1883
TS,1344,60.1158
TS,1345,60.0891
TS,1346,59.9899
TS,1347,59.864
TS,1348,59.8869
TS,1349,59.6848
TS,1350,59.8145
TS,1351,59.7496
TS,1352,59.597
TS,1353,59.4864
TS,1354,59.3338
TS,1355,59.4063
TS,1356,59.2155
TS,1357,59.3033
TS,1358,59.0248
TS,1359,59.1354
TS,1360,58.876
TS,1361,58.7997
TS,1362,58.7387
TS,1363,58.4679
TS,1364,58.3763
TS,1365,58.2771
TS,1366,58.1932
TS,1367,58.0826
TS,1368,57.869
TS,1369,57.785
TS,1370,57.5485
TS,1371,57.4493
TS,1372,57.3654
TS,1373,57.0641
TS,1374,57.0717
TS,1375,56.8123
TS,1376,56.9458
TS,1377,56.5796
TS,1378,56.5033
TS,1379,56.488
TS,1380,56.4499
TS,1381,56.2935
TS,1382,56.2515
TS,1383,56.4919
TS,1384,56.7703
TS,1385,57.2853
TS,1386,58.0101
TS,1387,58.6891
TS,1388,59.4978
TS,1389,60.5125
TS,1390,61.2144
TS,1391,62.6793
TS,1392,63.6139
TS,1393,64.9643
TS,1394,66.3414
TS,1395,67.5545
TS,1396,68.7103
TS,1397,69.87
TS,1398,71.2814
TS,1399,72.6128
TS,1400,73.7648
TS,1401,74.9092
TS,1402,76.1185
TS,1403,77.1408
TS,1404,78.0334
TS,1405,79.1168
TS,1406,79.8531
TS,1407,80.6274
TS,1408,81.3255
TS,1409,81.8977
TS,1410,82.428
TS,1411,83.1413
TS,1412,83.5724
TS,1413,84.0569
TS,1414,84.8236
TS,1415,85.3691
TS,1416,85.8879
TS,1417,86.5021
TS,1418,87.2231
TS,1419,87.9478
TS,1420,88.3636
TS,1421,89.0541
TS,1422,89.6797
TS,1423,90.2481
TS,1424,90.8394
TS,1425,91.1636
TS,1426,91.629
TS,1427,91.9991
TS,1428,92.3958
TS,1429,92.5407
TS,1430,92.8688
TS,1431,92.8116
TS,1432,92.8955
TS,1433,92.6971
TS,1434,92.7582
TS,1435,92.1898
TS,1436,91.8579
TS,1437,91.1713
TS,1438,90.3625
TS,1439,89.5462
TS,1440,88.4972
TS,1441,87.5893
TS,1442,86.3609
TS,1443,85.3729
TS,1444,84.2972
TS,1445,83.1413
TS,1446,82.1152
TS,1447,81.2492
TS,1448,80.1964
TS,1449,79.6585
TS,1450,78.5484
TS,1451,77.7473
TS,1452,76.87
TS,1453,76.1642
TS,1454,75.3288
TS,1455,74.5544
TS,1456,73.7381
TS,1457,73.2574
TS,1458,72.5708
TS,1459,71.8575
TS,1460,71.4188
TS,1461,70.8961
TS,1462,70.4155
TS,1463,69.9348
TS,1464,69.4542
TS,1465,69.1376
TS,1466,68.8553
TS,1467,68.4357
TS,1468,67.8978
TS,1469,67.7071
TS,1470,67.3141
TS,1471,66.9022
TS,1472,66.6428
TS,1473,66.2193
TS,1474,65.876
TS,1475,65.3458
TS,1476,65.1855
TS,1477,64.8499
TS,1478,64.5294
TS,1479,64.3158
TS,1480,63.8886
TS,1481,63.6826
TS,1482,63.4651
TS,1483,63.3087
TS,1484,63.0379
TS,1485,62.6984
TS,1486,62.5
TS,1487,62.5191
TS,1488,62.355
TS,1489,62.0499
TS,1490,62.0232
TS,1491,61.6608
TS,1492,61.5768
TS,1493,61.5273
TS,1494,61.3441
TS,1495,61.264
TS,1496,61.1114
TS,1497,61.0275
TS,1498,60.9817
TS,1499,60.7948
TS,1500,60.791
TS,1501,60.7147
TS,1502,60.6079
TS,1503,60.7071
TS,1504,60.6041
TS,1505,60.6384
TS,1506,60.5202
TS,1507,60.4286
TS,1508,60.463
TS,1509,60.4591
TS,1510,60.4439
TS,1511,60.4439
TS,1512,60.5698
TS,1513,60.36
TS,1514,60.4401
TS,1515,60.4401
TS,1516,60.3485
TS,1517,60.3027
TS,1518,60.3333
TS,1519,60.379
TS,1520,60.2913
TS,1521,60.1349
TS,1522,60.1387
TS,1523,59.9747
TS,1524,59.9594
TS,1525,60.1997
TS,1526,59.9251
TS,1527,59.9556
TS,1528,59.864
TS,1529,59.7076
TS,1530,59.6199
TS,1531,59.5703
TS,1532,59.6771
TS,1533,59.5436
TS,1534,59.6542
TS,1535,59.3567
TS,1536,59.1965
TS,1537,59.2079
TS,1538,59.0782
TS,1539,59.0439
TS,1540,58.8875
TS,1541,58.8646
TS,1542,58.7616
TS,1543,58.567
TS,1544,58.5175
TS,1545,58.5747
TS,1546,58.4602
TS,1547,58.1818
TS,1548,58.0826
TS,1549,58.0139
TS,1550,57.7049
TS,1551,57.7545
TS,1552,57.6057
TS,1553,57.4417
TS,1554,57.2014
TS,1555,56.9916
TS,1556,57.0717
TS,1557,56.8428
TS,1558,56.7055
TS,1559,56.6826
TS,1560,56.5109
TS,1561,56.5758
TS,1562,56.4651
TS,1563,56.5605
TS,1564,56.8085
TS,1565,57.0755
TS,1566,57.7507
TS,1567,58.2504
TS,1568,59.2232
TS,1569,60.1578
TS,1570,61.1458
TS,1571,62.4619
TS,1572,63.6368
TS,1573,64.9338
TS,1574,66.3147
TS,1575,67.3637
TS,1576,68.8744
TS,1577,70.1027
TS,1578,71.537
TS,1579,72.6433
TS,1580,74.07
TS,1581,75.3899
TS,1582,76.7555
TS,1583,77.9419
TS,1584,78.8956
TS,1585,79.8378
TS,1586,80.9517
TS,1587,81.7184
TS,1588,82.531
TS,1589,83.1108
TS,1590,83.9272
TS,1591,84.4879
TS,1592,85.0601
TS,1593,85.7582
TS,1594,86.3228
TS,1595,87.1391
TS,1596,87.7914
TS,1597,88.2607
TS,1598,89.1418
TS,1599,89.901
TS,1600,90.6448
TS,1601,91.198
TS,1602,92.0105
TS,1603,92.6933
TS,1604,93.2961
TS,1605,93.7843
TS,1606,94.4443
TS,1607,94.7266
TS,1608,95.3484
TS,1609,95.665
TS,1610,95.9625
TS,1611,96.2601
TS,1612,96.5881
TS,1613,96.3707
TS,1614,96.4851
TS,1615,96.138
TS,1616,96.0541
TS,1617,95.5544
TS,1618,95.2263
TS,1619,94.5854
TS,1620,93.9446
TS,1621,92.7734
TS,1622,92.0219
TS,1623,90.7021
TS,1624,89.7102
TS,1625,88.2874
TS,1626,87.1277
TS,1627,85.907
TS,1628,84.6252
TS,1629,83.4312
TS,1630,82.2563
TS,1631,81.3332
TS,1632,80.3719
TS,1633,79.3533
TS,1634,78.4264
TS,1635,77.5909
TS,1636,76.6182
TS,1637,75.9621
TS,1638,74.9931
TS,1639,74.2569
TS,1640,73.5512
TS,1641,73.0743
TS,1642,72.4144
TS,1643,71.9185
TS,1644,71.434
TS,1645,70.8122
TS,1646,70.4651
TS,1647,70.1523
TS,1648,69.7403
TS,1649,69.3283
TS,1650,69.1032
TS,1651,68.9201
TS,1652,68.3517
TS,1653,68.1267
TS,1654,67.7261
TS,1655,67.5621
TS,1656,67.1997
TS,1657,66.8755
TS,1658,66.5245
TS,1659,66.3223
TS,1660,66.0019
TS,1661,65.7425
TS,1662,65.4831
TS,1663,65.2847
TS,1664,65.1703
TS,1665,64.9185
TS,1666,64.7354
TS,1667,64.4989
TS,1668,64.3311
TS,1669,63.9992
TS,1670,63.8466
TS,1671,63.7436
TS,1672,63.6368
TS,1673,63.3698
TS,1674,63.3202
TS,1675,63.1523
TS,1676,62.9921
TS,1677,62.9196
TS,1678,62.8014
TS,1679,62.851
TS,1680,62.6755
TS,1681,62.6259
TS,1682,62.6106
TS,1683,62.3894
TS,1684,62.3894
TS,1685,62.2597
TS,1686,62.2902
TS,1687,62.2978
TS,1688,62.1643
TS,1689,62.294
TS,1690,62.2063
TS,1691,62.1109
TS,1692,61.9507
TS,1693,62.0079
TS,1694,62.0422
TS,1695,61.9431
TS,1696,61.9888
TS,1697,61.9812
TS,1698,61.9545
TS,1699,62.0041
TS,1700,61.8782
TS,1701,61.8019
TS,1702,61.8248
TS,1703,61.8248
TS,1704,61.6531
TS,1705,61.6341
TS,1706,61.5349
TS,1707,61.5883
TS,1708,61.4967
TS,1709,61.2564
TS,1710,61.2831
TS,1711,61.1801
TS,1712,61.0962
TS,1713,60.9436
TS,1714,60.8864
TS,1715,60.8139
TS,1716,60.7796
TS,1717,60.6461
TS,1718,60.3294
TS,1719,60.5278
TS,1720,60.3294
TS,1721,60.1807
TS,1722,59.8869
TS,1723,59.8183
TS,1724,59.6962
TS,1725,59.5856
TS,1726,59.4444
TS,1727,59.4254
TS,1728,59.1545
TS,1729,59.1164
TS,1730,59.0858
TS,1731,58.8341
TS,1732,58.8112
TS,1733,58.4831
TS,1734,58.2619
TS,1735,58.1551
TS,1736,58.0254
TS,1737,57.9529
TS,1738,57.6324
TS,1739,57.6019
TS,1740,57.5294
TS,1741,57.3616
TS,1742,57.2586
TS,1743,57.2891
TS,1744,57.3616
TS,1745,57.518
TS,1746,57.5752
TS,1747,58.136
TS,1748,58.4793
TS,1749,59.3681
TS,1750,60.2226
TS,1751,61.3823
TS,1752,62.4161
TS,1753,63.7016
TS,1754,64.9452
TS,1755,66.2422
TS,1756,67.4133
TS,1757,69.0308
TS,1758,70.3506
TS,1759,71.6171
TS,1760,73.0629
TS,1761,74.2188
TS,1762,75.5119
TS,1763,76.7593
TS,1764,78.1746
TS,1765,79.0405
TS,1766,80.2612
TS,1767,81.3599
TS,1768,82.2945
TS,1769,83.2176
TS,1770,83.9767
TS,1771,84.5718
TS,1772,85.4492
TS,1773,86.0748
TS,1774,86.7386
TS,1775,87.41
TS,1776,88.2149
TS,1777,88.9931
TS,1778,89.6912
TS,1779,90.4579
TS,1780,91.2247
TS,1781,92.0525
TS,1782,92.823
TS,1783,93.4105
TS,1784,94.368
TS,1785,95.0661
TS,1786,95.8176
TS,1787,96.3554
TS,1788,97.0039
TS,1789,97.4388
TS,1790,97.8088
TS,1791,98.2895
TS,1792,98.5756
TS,1793,98.732
TS,1794,98.9113
TS,1795,99.0181
TS,1796,98.9952
TS,1797,98.8808
TS,1798,98.6252
TS,1799,98.3467
TS,1800,97.8546
TS,1801,97.0993
TS,1802,96.4584
TS,1803,95.5124
TS,1804,94.5015
TS,1805,93.4563
TS,1806,92.3195
TS,1807,90.9538
TS,1808,89.5309
TS,1809,88.2111
TS,1810,86.9827
TS,1811,85.6819
TS,1812,84.4955
TS,1813,83.2443
TS,1814,82.3898
TS,1815,81.356
TS,1816,80.1773
TS,1817,79.3533
TS,1818,78.5179
TS,1819,77.6596
TS,1820,76.767
TS,1821,75.9354
TS,1822,75.3517
TS,1823,74.5964
TS,1824,73.9365
TS,1825,73.4253
TS,1826,73.0934
TS,1827,72.4716
TS,1828,72.0291
TS,1829,71.7125
TS,1830,71.3959
TS,1831,70.919
TS,1832,70.8809
TS,1833,70.5528
TS,1834,70.0378
TS,1835,69.9692
TS,1836,69.5915
TS,1837,69.1223
TS,1838,69.1452
TS,1839,68.8133
TS,1840,68.3441
TS,1841,68.0351
TS,1842,67.8101
TS,1843,67.5735
TS,1844,67.2417
TS,1845,67.1005
TS,1846,66.8945
TS,1847,66.6618
TS,1848,66.3643
TS,1849,66.1201
TS,1850,65.9561
TS,1851,65.8302
TS,1852,65.6242
TS,1853,65.6052
TS,1854,65.3229
TS,1855,65.094
TS,1856,65.0635
TS,1857,64.9185
TS,1858,64.8117
TS,1859,64.6706
TS,1860,64.5523
TS,1861,64.4913
TS,1862,64.4188
TS,1863,64.2509
TS,1864,64.2548
TS,1865,64.0221
TS,1866,63.9725
TS,1867,64.0869
TS,1868,63.8199
TS,1869,63.8618
TS,1870,63.7131
TS,1871,63.7245
TS,1872,63.8618
TS,1873,63.755
TS,1874,63.549
TS,1875,63.5681
TS,1876,63.5452
TS,1877,63.5262
TS,1878,63.3965
TS,1879,63.4499
TS,1880,63.4041
TS,1881,63.3354
TS,1882,63.3278
TS,1883,63.324
TS,1884,63.3392
TS,1885,63.0417
TS,1886,63.179
TS,1887,62.9578
TS,1888,62.9463
TS,1889,62.87
TS,1890,62.6297
TS,1891,62.7136
TS,1892,62.5725
TS,1893,62.4924
TS,1894,62.3436
TS,1895,62.1681
TS,1896,62.3093
TS,1897,62.2292
TS,1898,62.0346
TS,1899,61.9659
TS,1900,61.9278
TS,1901,61.7714
TS,1902,61.6302
TS,1903,61.4471
TS,1904,61.3441
TS,1905,61.1954
TS,1906,60.9932
TS,1907,60.9932
TS,1908,60.7796
TS,1909,60.6194
TS,1910,60.5507
TS,1911,60.3523
TS,1912,60.1158
TS,1913,59.9251
TS,1914,59.864
TS,1915,59.5894
TS,1916,59.494
TS,1917,59.2079
TS,1918,59.0897
TS,1919,58.9752
TS,1920,58.8264
TS,1921,58.506
TS,1922,58.4335
TS,1923,58.3687
TS,1924,58.1818
TS,1925,58.0978
TS,1926,57.9338
TS,1927,58.2771
TS,1928,58.3649
TS,1929,58.7769
TS,1930,59.0515
TS,1931,59.9327
TS,1932,60.6461
TS,1933,61.7676
TS,1934,62.9044
TS,1935,63.9839
TS,1936,65.3076
TS,1937,66.6084
TS,1938,68.0313
TS,1939,69.4389
TS,1940,70.961
TS,1941,72.5403
TS,1942,73.9174
TS,1943,75.4814
TS,1944,76.767
TS,1945,78.1555
TS,1946,79.5021
TS,1947,80.78
TS,1948,81.9244
TS,1949,83.0154
TS,1950,84.1217
TS,1951,85.1936
TS,1952,85.9756
TS,1953,86.7462
TS,1954,87.7571
TS,1955,88.4361
TS,1956,89.1151
TS,1957,89.7331
TS,1958,90.5266
TS,1959,91.3544
TS,1960,92.2852
TS,1961,93.1702
TS,1962,94.1277
TS,1963,94.8296
TS,1964,95.8252
TS,1965,96.6339
TS,1966,97.4884
TS,1967,98.2246
TS,1968,99.041
TS,1969,99.5979
TS,1970,100.529
TS,1971,100.914
TS,1972,101.536
TS,1973,101.841
TS,1974,102.283
TS,1975,102.57
TS,1976,102.81
TS,1977,102.928
TS,1978,102.901
TS,1979,102.833
TS,1980,102.65
TS,1981,102.283
TS,1982,101.917
TS,1983,101.383
TS,1984,100.822
TS,1985,100.033
TS,1986,98.98
TS,1987,97.9309
TS,1988,96.8323
TS,1989,95.4475
TS,1990,94.0361
TS,1991,92.6209
TS,1992,91.1217
TS,1993,89.8933
TS,1994,88.3369
TS,1995,86.9751
TS,1996,85.8498
TS,1997,84.3315
TS,1998,83.355
TS,1999,82.4165
APCA,0,64.763
APCA,1,64.763
APCA,2,64.763
APCA,3,64.763
APCA,4,64.763
APCA,5,64.763
APCA,6,64.763
APCA,7,64.763
APCA,8,64.763
APCA,9,64.763
APCA,10,64.763
APCA,11,64.763
APCA,12,64.763
APCA,13,64.763
APCA,14,64.763
APCA,15,64.763
APCA,16,64.763
APCA,17,64.763
APCA,18,64.763
APCA,19,64.763
APCA,20,64.763
APCA,21,64.763
APCA,22,64.763
APCA,23,64.763
APCA,24,64.763
APCA,25,64.763
APCA,26,64.763
APCA,27,64.763
APCA,28,64.763
APCA,29,64.763
APCA,30,64.763
APCA,31,64.763
APCA,32,64.763
APCA,33,64.763
APCA,34,64.763
APCA,35,64.763
APCA,36,64.763
APCA,37,64.763
APCA,38,64.763
APCA,39,64.763
APCA,40,64.763
APCA,41,64.763
APCA,42,64.763
APCA,43,64.763
APCA,44,64.763
APCA,45,64.763
APCA,46,64.763
APCA,47,64.763
APCA,48,64.763
APCA,49,64.763
APCA,50,64.763
APCA,51,64.763
APCA,52,64.763
APCA,53,64.763
APCA,54,64.763
APCA,55,64.763
APCA,56,64.763
APCA,57,64.763
APCA,58,64.763
APCA,59,64.763
APCA,60,64.763
APCA,61,64.763
APCA,62,64.763
APCA,63,64.763
APCA,64,64.763
APCA,65,64.763
APCA,66,64.763
APCA,67,64.763
APCA,68,64.763
APCA,69,64.763
APCA,70,64.763
APCA,71,64.763
APCA,72,64.763
APCA,73,64.763
APCA,74,64.763
APCA,75,64.763
APCA,76,64.763
APCA,77,64.763
APCA,78,64.763
APCA,79,64.763
APCA,80,64.763
APCA,81,64.763
APCA,82,64.763
APCA,83,64.763
APCA,84,64.763
APCA,85,64.763
APCA,86,64.763
APCA,87,64.763
APCA,88,64.763
APCA,89,64.763
APCA,90,64.763
APCA,91,64.763
APCA,92,64.763
APCA,93,64.763
APCA,94,64.763
APCA,95,64.763
APCA,96,64.763
APCA,97,64.763
APCA,98,64.763
APCA,99,64.763
APCA,100,64.763
APCA,101,64.763
APCA,102,64.763
APCA,103,64.763
APCA,104,64.763
APCA,105,64.763
APCA,106,64.763
APCA,107,64.763
APCA,108,64.763
APCA,109,64.763
APCA,110,64.763
APCA,111,64.763
APCA,112,64.763
APCA,113,64.763
APCA,114,64.763
APCA,115,64.763
APCA,116,64.763
APCA,117,64.763
APCA,118,64.763
APCA,119,64.763
APCA,120,64.763
APCA,121,64.763
APCA,122,64.763
APCA,123,64.763
APCA,124,64.763
APCA,125,64.763
APCA,126,64.763
APCA,127,64.763
APCA,128,89.4592
APCA,129,89.4592
APCA,130,89.4592
APCA,131,89.4592
APCA,132,89.4592
APCA,133,89.4592
APCA,134,89.4592
APCA,135,89.4592
APCA,136,89.4592
APCA,137,89.4592
APCA,138,89.4592
APCA,139,89.4592
APCA,140,89.4592
APCA,141,89.4592
APCA,142,89.4592
APCA,143,89.4592
APCA,144,89.4592
APCA,145,89.4592
APCA,146,89.4592
APCA,147,89.4592
APCA,148,89.4592
APCA,149,89.4592
APCA,150,89.4592
APCA,151,89.4592
APCA,152,89.4592
APCA,153,89.4592
APCA,154,89.4592
APCA,155,89.4592
APCA,156,89.4592
APCA,157,89.4592
APCA,158,89.4592
APCA,159,89.4592
APCA,160,74.2024
APCA,161,74.2024
APCA,162,74.2024
APCA,163,74.2024
APCA,164,74.2024
APCA,165,74.2024
APCA,166,74.2024
APCA,167,74.2024
APCA,168,74.2024
APCA,169,74.2024
APCA,170,74.2024
APCA,171,74.2024
APCA,172,74.2024
APCA,173,74.2024
APCA,174,74.2024
APCA,175,74.2024
APCA,176,74.2024
APCA,177,74.2024
APCA,178,74.2024
APCA,179,74.2024
APCA,180,74.2024
APCA,181,74.2024
APCA,182,74.2024
APCA,183,74.2024
APCA,184,74.2024
APCA,185,74.2024
APCA,186,74.2024
APCA,187,74.2024
APCA,188,74.2024
APCA,189,74.2024
APCA,190,74.2024
APCA,191,74.2024
APCA,192,61.0942
APCA,193,61.0942
APCA,194,61.0942
APCA,195,61.0942
APCA,196,61.0942
APCA,197,61.0942
APCA,198,61.0942
APCA,199,61.0942
APCA,200,61.0942
APCA,201,61.0942
APCA,202,61.0942
APCA,203,61.0942
APCA,204,61.0942
APCA,205,61.0942
APCA,206,61.0942
APCA,207,61.0942
APCA,208,61.0942
APCA,209,61.0942
APCA,210,61.0942
APCA,211,61.0942
APCA,212,61.0942
APCA,213,61.0942
APCA,214,61.0942
APCA,215,61.0942
APCA,216,61.0942
APCA,217,61.0942
APCA,218,61.0942
APCA,219,61.0942
APCA,220,61.0942
APCA,221,61.0942
APCA,222,61.0942
APCA,223,61.0942
APCA,224,61.0942
APCA,225,61.0942
APCA,226,61.0942
APCA,227,61.0942
APCA,228,61.0942
APCA,229,61.0942
APCA,230,61.0942
APCA,231,61.0942
APCA,232,61.0942
APCA,233,61.0942
APCA,234,61.0942
APCA,235,61.0942
APCA,236,61.0942
APCA,237,61.0942
APCA,238,61.0942
APCA,239,61.0942
APCA,240,61.0942
APCA,241,61.0942
APCA,242,61.0942
APCA,243,61.0942
APCA,244,61.0942
APCA,245,61.0942
APCA,246,61.0942
APCA,247,61.0942
APCA,248,61.0942
APCA,249,61.0942
APCA,250,61.0942
APCA,251,61.0942
APCA,252,61.0942
APCA,253,61.0942
APCA,254,61.0942
APCA,255,61.0942
APCA,256,57.4002
APCA,257,57.4002
APCA,258,57.4002
APCA,259,57.4002
APCA,260,57.4002
APCA,261,57.4002
APCA,262,57.4002
APCA,263,57.4002
APCA,264,57.4002
APCA,265,57.4002
APCA,266,57.4002
APCA,267,57.4002
APCA,268,57.4002
APCA,269,57.4002
APCA,270,57.4002
APCA,271,57.4002
APCA,272,57.4002
APCA,273,57.4002
APCA,274,57.4002
APCA,275,57.4002
APCA,276,57.4002
APCA,277,57.4002
APCA,278,57.4002
APCA,279,57.4002
APCA,280,57.4002
APCA,281,57.4002
APCA,282,57.4002
APCA,283,57.4002
APCA,284,57.4002
APCA,285,57.4002
APCA,286,57.4002
APCA,287,57.4002
APCA,288,75.2786
APCA,289,75.2786
APCA,290,75.2786
APCA,291,75.2786
APCA,292,75.2786
APCA,293,75.2786
APCA,294,75.2786
APCA,295,75.2786
APCA,296,75.2786
APCA,297,75.2786
APCA,298,75.2786
APCA,299,75.2786
APCA,300,75.2786
APCA,301,75.2786
APCA,302,75.2786
APCA,303,75.2786
APCA,304,75.2786
APCA,305,75.2786
APCA,306,75.2786
APCA,307,75.2786
APCA,308,75.2786
APCA,309,75.2786
APCA,310,75.2786
APCA,311,75.2786
APCA,312,75.2786
APCA,313,75.2786
APCA,314,75.2786
APCA,315,75.2786
APCA,316,75.2786
APCA,317,75.2786
APCA,318,75.2786
APCA,319,75.2786
APCA,320,88.2744
APCA,321,88.2744
APCA,322,88.2744
APCA,323,88.2744
APCA,324,88.2744
APCA,325,88.2744
APCA,326,88.2744
APCA,327,88.2744
APCA,328,88.2744
APCA,329,88.2744
APCA,330,88.2744
APCA,331,88.2744
APCA,332,88.2744
APCA,333,88.2744
APCA,334,88.2744
APCA,335,88.2744
APCA,336,88.2744
APCA,337,88.2744
APCA,338,88.2744
APCA,339,88.2744
APCA,340,88.2744
APCA,341,88.2744
APCA,342,88.2744
APCA,343,88.2744
APCA,344,88.2744
APCA,345,88.2744
APCA,346,88.2744
APCA,347,88.2744
APCA,348,88.2744
APCA,349,88.2744
APCA,350,88.2744
APCA,351,88.2744
APCA,352,68.885
APCA,353,68.885
APCA,354,68.885
APCA,355,68.885
APCA,356,68.885
APCA,357,68.885
APCA,358,68.885
APCA,359,68.885
APCA,360,68.885
APCA,361,68.885
APCA,362,68.885
APCA,363,68.885
APCA,364,68.885
APCA,365,68.885
APCA,366,68.885
APCA,367,68.885
APCA,368,68.885
APCA,369,68.885
APCA,370,68.885
APCA,371,68.885
APCA,372,68.885
APCA,373,68.885
APCA,374,68.885
APCA,375,68.885
APCA,376,68.885
APCA,377,68.885
APCA,378,68.885
APCA,379,68.885
APCA,380,68.885
APCA,381,68.885
APCA,382,68.885
APCA,383,68.885
APCA,384,60.3087
APCA,385,60.3087
APCA,386,60.3087
APCA,387,60.3087
APCA,388,60.3087
APCA,389,60.3087
APCA,390,60.3087
APCA,391,60.3087
APCA,392,60.3087
APCA,393,60.3087
APCA,394,60.3087
APCA,395,60.3087
APCA,396,60.3087
APCA,397,60.3087
APCA,398,60.3087
APCA,399,60.3087
APCA,400,60.3087
APCA,401,60.3087
APCA,402,60.3087
APCA,403,60.3087
APCA,404,60.3087
APCA,405,60.3087
APCA,406,60.3087
APCA,407,60.3087
APCA,408,60.3087
APCA,409,60.3087
APCA,410,60.3087
APCA,411,60.3087
APCA,412,60.3087
APCA,413,60.3087
APCA,414,60.3087
APCA,415,60.3087
APCA,416,60.3087
APCA,417,60.3087
APCA,418,60.3087
APCA,419,60.3087
APCA,420,60.3087
APCA,421,60.3087
APCA,422,60.3087
APCA,423,60.3087
APCA,424,60.3087
APCA,425,60.3087
APCA,426,60.3087
APCA,427,60.3087
APCA,428,60.3087
APCA,429,60.3087
APCA,430,60.3087
APCA,431,60.3087
APCA,432,60.3087
APCA,433,60.3087
APCA,434,60.3087
APCA,435,60.3087
APCA,436,60.3087
APCA,437,60.3087
APCA,438,60.3087
APCA,439,60.3087
APCA,440,60.3087
APCA,441,60.3087
APCA,442,60.3087
APCA,443,60.3087
APCA,444,60.3087
APCA,445,60.3087
APCA,446,60.3087
APCA,447,60.3087
APCA,448,59.9358
APCA,449,59.9358
APCA,450,59.9358
APCA,451,59.9358
APCA,452,59.9358
APCA,453,59.9358
APCA,454,59.9358
APCA,455,59.9358
APCA,456,59.9358
APCA,457,59.9358
APCA,458,59.9358
APCA,459,59.9358
APCA,460,59.9358
APCA,461,59.9358
APCA,462,59.9358
APCA,463,59.9358
APCA,464,59.9358
APCA,465,59.9358
APCA,466,59.9358
APCA,467,59.9358
APCA,468,59.9358
APCA,469,59.9358
APCA,470,59.9358
APCA,471,59.9358
APCA,472,59.9358
APCA,473,59.9358
APCA,474,59.9358
APCA,475,59.9358
APCA,476,59.9358
APCA,477,59.9358
APCA,478,59.9358
APCA,479,59.9358
APCA,480,86.47
APCA,481,86.47
APCA,482,86.47
APCA,483,86.47
APCA,484,86.47
APCA,485,86.47
APCA,486,86.47
APCA,487,86.47
APCA,488,86.47
APCA,489,86.47
APCA,490,86.47
APCA,491,86.47
APCA,492,86.47
APCA,493,86.47
APCA,494,86.47
APCA,495,86.47
APCA,496,86.47
APCA,497,86.47
APCA,498,86.47
APCA,499,86.47
APCA,500,86.47
APCA,501,86.47
APCA,502,86.47
APCA,503,86.47
APCA,504,86.47
APCA,505,86.47
APCA,506,86.47
APCA,507,86.47
APCA,508,86.47
APCA,509,86.47
APCA,510,86.47
APCA,511,86.47
APCA,512,85.893
APCA,513,85.893
APCA,514,85.893
APCA,515,85.893
APCA,516,85.893
APCA,517,85.893
APCA,518,85.893
APCA,519,85.893
APCA,520,85.893
APCA,521,85.893
APCA,522,85.893
APCA,523,85.893
APCA,524,85.893
APCA,525,85.893
APCA,526,85.893
APCA,527,85.893
APCA,528,85.893
APCA,529,85.893
APCA,530,85.893
APCA,531,85.893
APCA,532,85.893
APCA,533,85.893
APCA,534,85.893
APCA,535,85.893
APCA,536,85.893
APCA,537,85.893
APCA,538,85.893
APCA,539,85.893
APCA,540,85.893
APCA,541,85.893
APCA,542,85.893
APCA,543,85.893
APCA,544,66.8107
APCA,545,66.8107
APCA,546,66.8107
APCA,547,66.8107
APCA,548,66.8107
APCA,549,66.8107
APCA,550,66.8107
APCA,551,66.8107
APCA,552,66.8107
APCA,553,66.8107
APCA,554,66.8107
APCA,555,66.8107
APCA,556,66.8107
APCA,557,66.8107
APCA,558,66.8107
APCA,559,66.8107
APCA,560,66.8107
APCA,561,66.8107
APCA,562,66.8107
APCA,563,66.8107
APCA,564,66.8107
APCA,565,66.8107
APCA,566,66.8107
APCA,567,66.8107
APCA,568,66.8107
APCA,569,66.8107
APCA,570,66.8107
APCA,571,66.8107
APCA,572,66.8107
APCA,573,66.8107
APCA,574,66.8107
APCA,575,66.8107
APCA,576,60.9887
APCA,577,60.9887
APCA,578,60.9887
APCA,579,60.9887
APCA,580,60.9887
APCA,581,60.9887
APCA,582,60.9887
APCA,583,60.9887
APCA,584,60.9887
APCA,585,60.9887
APCA,586,60.9887
APCA,587,60.9887
APCA,588,60.9887
APCA,589,60.9887
APCA,590,60.9887
APCA,591,60.9887
APCA,592,60.9887
APCA,593,60.9887
APCA,594,60.9887
APCA,595,60.9887
APCA,596,60.9887
APCA,597,60.9887
APCA,598,60.9887
APCA,599,60.9887
APCA,600,60.9887
APCA,601,60.9887
APCA,602,60.9887
APCA,603,60.9887
APCA,604,60.9887
APCA,605,60.9887
APCA,606,60.9887
APCA,607,60.9887
APCA,608,60.9887
APCA,609,60.9887
APCA,610,60.9887
APCA,611,60.9887
APCA,612,60.9887
APCA,613,60.9887
APCA,614,60.9887
APCA,615,60.9887
APCA,616,60.9887
APCA,617,60.9887
APCA,618,60.9887
APCA,619,60.9887
APCA,620,60.9887
APCA,621,60.9887
APCA,622,60.9887
APCA,623,60.9887
APCA,624,60.9887
APCA,625,60.9887
APCA,626,60.9887
APCA,627,60.9887
APCA,628,60.9887
APCA,629,60.9887
APCA,630,60.9887
APCA,631,60.9887
APCA,632,60.9887
APCA,633,60.9887
APCA,634,60.9887
APCA,635,60.9887
APCA,636,60.9887
APCA,637,60.9887
APCA,638,60.9887
APCA,639,60.9887
APCA,640,80.9147
APCA,641,80.9147
APCA,642,80.9147
APCA,643,80.9147
APCA,644,80.9147
APCA,645,80.9147
APCA,646,80.9147
APCA,647,80.9147
APCA,648,80.9147
APCA,649,80.9147
APCA,650,80.9147
APCA,651,80.9147
APCA,652,80.9147
APCA,653,80.9147
APCA,654,80.9147
APCA,655,80.9147
APCA,656,80.9147
APCA,657,80.9147
APCA,658,80.9147
APCA,659,80.9147
APCA,660,80.9147
APCA,661,80.9147
APCA,662,80.9147
APCA,663,80.9147
APCA,664,80.9147
APCA,665,80.9147
APCA,666,80.9147
APCA,667,80.9147
APCA,668,80.9147
APCA,669,80.9147
APCA,670,80.9147
APCA,671,80.9147
APCA,672,80.9147
APCA,673,80.9147
APCA,674,80.9147
APCA,675,80.9147
APCA,676,80.9147
APCA,677,80.9147
APCA,678,80.9147
APCA,679,80.9147
APCA,680,80.9147
APCA,681,80.9147
APCA,682,80.9147
APCA,683,80.9147
APCA,684,80.9147
APCA,685,80.9147
APCA,686,80.9147
APCA,687,80.9147
APCA,688,80.9147
APCA,689,80.9147
APCA,690,80.9147
APCA,691,80.9147
APCA,692,80.9147
APCA,693,80.9147
APCA,694,80.9147
APCA,695,80.9147
APCA,696,80.9147
APCA,697,80.9147
APCA,698,80.9147
APCA,699,80.9147
APCA,700,80.9147
APCA,701,80.9147
APCA,702,80.9147
APCA,703,80.9147
APCA,704,79.9309
APCA,705,79.9309
APCA,706,79.9309
APCA,707,79.9309
APCA,708,79.9309
APCA,709,79.9309
APCA,710,79.9309
APCA,711,79.9309
APCA,712,79.9309
APCA,713,79.9309
APCA,714,79.9309
APCA,715,79.9309
APCA,716,79.9309
APCA,717,79.9309
APCA,718,79.9309
APCA,719,79.9309
APCA,720,79.9309
APCA,721,79.9309
APCA,722,79.9309
APCA,723,79.9309
APCA,724,79.9309
APCA,725,79.9309
APCA,726,79.9309
APCA,727,79.9309
APCA,728,79.9309
APCA,729,79.9309
APCA,730,79.9309
APCA,731,79.9309
APCA,732,79.9309
APCA,733,79.9309
APCA,734,79.9309
APCA,735,79.9309
APCA,736,66.2662
APCA,737,66.2662
APCA,738,66.2662
APCA,739,66.2662
APCA,740,66.2662
APCA,741,66.2662
APCA,742,66.2662
APCA,743,66.2662
APCA,744,66.2662
APCA,745,66.2662
APCA,746,66.2662
APCA,747,66.2662
APCA,748,66.2662
APCA,749,66.2662
APCA,750,66.2662
APCA,751,66.2662
APCA,752,66.2662
APCA,753,66.2662
APCA,754,66.2662
APCA,755,66.2662
APCA,756,66.2662
APCA,757,66.2662
APCA,758,66.2662
APCA,759,66.2662
APCA,760,66.2662
APCA,761,66.2662
APCA,762,66.2662
APCA,763,66.2662
APCA,764,66.2662
APCA,765,66.2662
APCA,766,66.2662
APCA,767,66.2662
APCA,768,61.472
APCA,769,61.472
APCA,770,61.472
APCA,771,61.472
APCA,772,61.472
APCA,773,61.472
APCA,774,61.472
APCA,775,61.472
APCA,776,61.472
APCA,777,61.472
APCA,778,61.472
APCA,779,61.472
APCA,780,61.472
APCA,781,61.472
APCA,782,61.472
APCA,783,61.472
APCA,784,61.472
APCA,785,61.472
APCA,786,61.472
APCA,787,61.472
APCA,788,61.472
APCA,789,61.472
APCA,790,61.472
APCA,791,61.472
APCA,792,61.472
APCA,793,61.472
APCA,794,61.472
APCA,795,61.472
APCA,796,61.472
APCA,797,61.472
APCA,798,61.472
APCA,799,61.472
APCA,800,61.472
APCA,801,61.472
APCA,802,61.472
APCA,803,61.472
APCA,804,61.472
APCA,805,61.472
APCA,806,61.472
APCA,807,61.472
APCA,808,61.472
APCA,809,61.472
APCA,810,61.472
APCA,811,61.472
APCA,812,61.472
APCA,813,61.472
APCA,814,61.472
APCA,815,61.472
APCA,816,61.472
APCA,817,61.472
APCA,818,61.472
APCA,819,61.472
APCA,820,61.472
APCA,821,61.472
APCA,822,61.472
APCA,823,61.472
APCA,824,61.472
APCA,825,61.472
APCA,826,61.472
APCA,827,61.472
APCA,828,61.472
APCA,829,61.472
APCA,830,61.472
APCA,831,61.472
APCA,832,68.743
APCA,833,68.743
APCA,834,68.743
APCA,835,68.743
APCA,836,68.743
APCA,837,68.743
APCA,838,68.743
APCA,839,68.743
APCA,840,68.743
APCA,841,68.743
APCA,842,68.743
APCA,843,68.743
APCA,844,68.743
APCA,845,68.743
APCA,846,68.743
APCA,847,68.743
APCA,848,87.5733
APCA,849,87.5733
APCA,850,87.5733
APCA,851,87.5733
APCA,852,87.5733
APCA,853,87.5733
APCA,854,87.5733
APCA,855,87.5733
APCA,856,87.5733
APCA,857,87.5733
APCA,858,87.5733
APCA,859,87.5733
APCA,860,87.5733
APCA,861,87.5733
APCA,862,87.5733
APCA,863,87.5733
APCA,864,85.0134
APCA,865,85.0134
APCA,866,85.0134
APCA,867,85.0134
APCA,868,85.0134
APCA,869,85.0134
APCA,870,85.0134
APCA,871,85.0134
APCA,872,85.0134
APCA,873,85.0134
APCA,874,85.0134
APCA,875,85.0134
APCA,876,85.0134
APCA,877,85.0134
APCA,878,85.0134
APCA,879,85.0134
APCA,880,85.0134
APCA,881,85.0134
APCA,882,85.0134
APCA,883,85.0134
APCA,884,85.0134
APCA,885,85.0134
APCA,886,85.0134
APCA,887,85.0134
APCA,888,85.0134
APCA,889,85.0134
APCA,890,85.0134
APCA,891,85.0134
APCA,892,85.0134
APCA,893,85.0134
APCA,894,85.0134
APCA,895,85.0134
APCA,896,85.0134
APCA,897,85.0134
APCA,898,85.0134
APCA,899,85.0134
APCA,900,85.0134
APCA,901,85.0134
APCA,902,85.0134
APCA,903,85.0134
APCA,904,85.0134
APCA,905,85.0134
APCA,906,85.0134
APCA,907,85.0134
APCA,908,85.0134
APCA,909,85.0134
APCA,910,85.0134
APCA,911,85.0134
APCA,912,85.0134
APCA,913,85.0134
APCA,914,85.0134
APCA,915,85.0134
APCA,916,85.0134
APCA,917,85.0134
APCA,918,85.0134
APCA,919,85.0134
APCA,920,85.0134
APCA,921,85.0134
APCA,922,85.0134
APCA,923,85.0134
APCA,924,85.0134
APCA,925,85.0134
APCA,926,85.0134
APCA,927,85.0134
APCA,928,85.0134
APCA,929,85.0134
APCA,930,85.0134
APCA,931,85.0134
APCA,932,85.0134
APCA,933,85.0134
APCA,934,85.0134
APCA,935,85.0134
APCA,936,85.0134
APCA,937,85.0134
APCA,938,85.0134
APCA,939,85.0134
APCA,940,85.0134
APCA,941,85.0134
APCA,942,85.0134
APCA,943,85.0134
APCA,944,85.0134
APCA,945,85.0134
APCA,946,85.0134
APCA,947,85.0134
APCA,948,85.0134
APCA,949,85.0134
APCA,950,85.0134
APCA,951,85.0134
APCA,952,85.0134
APCA,953,85.0134
APCA,954,85.0134
APCA,955,85.0134
APCA,956,85.0134
APCA,957,85.0134
APCA,958,85.0134
APCA,959,85.0134
APCA,960,76.293
APCA,961,76.293
APCA,962,76.293
APCA,963,76.293
APCA,964,76.293
APCA,965,76.293
APCA,966,76.293
APCA,967,76.293
APCA,968,76.293
APCA,969,76.293
APCA,970,76.293
APCA,971,76.293
APCA,972,76.293
APCA,973,76.293
APCA,974,76.293
APCA,975,76.293
APCA,976,76.293
APCA,977,76.293
APCA,978,76.293
APCA,979,76.293
APCA,980,76.293
APCA,981,76.293
APCA,982,76.293
APCA,983,76.293
APCA,984,76.293
APCA,985,76.293
APCA,986,76.293
APCA,987,76.293
APCA,988,76.293
APCA,989,76.293
APCA,990,76.293
APCA,991,76.293
APCA,992,76.293
APCA,993,76.293
APCA,994,76.293
APCA,995,76.293
APCA,996,76.293
APCA,997,76.293
APCA,998,76.293
APCA,999,76.293
APCA,1000,76.293
APCA,1001,76.293
APCA,1002,76.293
APCA,1003,76.293
APCA,1004,76.293
APCA,1005,76.293
APCA,1006,76.293
APCA,1007,76.293
APCA,1008,76.293
APCA,1009,76.293
APCA,1010,76.293
APCA,1011,76.293
APCA,1012,76.293
APCA,1013,76.293
APCA,1014,76.293
APCA,1015,76.293
APCA,1016,76.293
APCA,1017,76.293
APCA,1018,76.293
APCA,1019,76.293
APCA,1020,76.293
APCA,1021,76.293
APCA,1022,76.293
APCA,1023,76.293
APCA,1024,76.293
APCA,1025,76.293
APCA,1026,76.293
APCA,1027,76.293
APCA,1028,76.293
APCA,1029,76.293
APCA,1030,76.293
APCA,1031,76.293
APCA,1032,76.293
APCA,1033,76.293
APCA,1034,76.293
APCA,1035,76.293
APCA,1036,76.293
APCA,1037,76.293
APCA,1038,76.293
APCA,1039,76.293
APCA,1040,76.293
APCA,1041,76.293
APCA,1042,76.293
APCA,1043,76.293
APCA,1044,76.293
APCA,1045,76.293
APCA,1046,76.293
APCA,1047,76.293
APCA,1048,76.293
APCA,1049,76.293
APCA,1050,76.293
APCA,1051,76.293
APCA,1052,76.293
APCA,1053,76.293
APCA,1054,76.293
APCA,1055,76.293
APCA,1056,76.293
APCA,1057,76.293
APCA,1058,76.293
APCA,1059,76.293
APCA,1060,76.293
APCA,1061,76.293
APCA,1062,76.293
APCA,1063,76.293
APCA,1064,76.293
APCA,1065,76.293
APCA,1066,76.293
APCA,1067,76.293
APCA,1068,76.293
APCA,1069,76.293
APCA,1070,76.293
APCA,1071,76.293
APCA,1072,76.293
APCA,1073,76.293
APCA,1074,76.293
APCA,1075,76.293
APCA,1076,76.293
APCA,1077,76.293
APCA,1078,76.293
APCA,1079,76.293
APCA,1080,76.293
APCA,1081,76.293
APCA,1082,76.293
APCA,1083,76.293
APCA,1084,76.293
APCA,1085,76.293
APCA,1086,76.293
APCA,1087,76.293
APCA,1088,68.2632
APCA,1089,68.2632
APCA,1090,68.2632
APCA,1091,68.2632
APCA,1092,68.2632
APCA,1093,68.2632
APCA,1094,68.2632
APCA,1095,68.2632
APCA,1096,68.2632
APCA,1097,68.2632
APCA,1098,68.2632
APCA,1099,68.2632
APCA,1100,68.2632
APCA,1101,68.2632
APCA,1102,68.2632
APCA,1103,68.2632
APCA,1104,68.2632
APCA,1105,68.2632
APCA,1106,68.2632
APCA,1107,68.2632
APCA,1108,68.2632
APCA,1109,68.2632
APCA,1110,68.2632
APCA,1111,68.2632
APCA,1112,68.2632
APCA,1113,68.2632
APCA,1114,68.2632
APCA,1115,68.2632
APCA,1116,68.2632
APCA,1117,68.2632
APCA,1118,68.2632
APCA,1119,68.2632
APCA,1120,68.2632
APCA,1121,68.2632
APCA,1122,68.2632
APCA,1123,68.2632
APCA,1124,68.2632
APCA,1125,68.2632
APCA,1126,68.2632
APCA,1127,68.2632
APCA,1128,68.2632
APCA,1129,68.2632
APCA,1130,68.2632
APCA,1131,68.2632
APCA,1132,68.2632
APCA,1133,68.2632
APCA,1134,68.2632
APCA,1135,68.2632
APCA,1136,68.2632
APCA,1137,68.2632
APCA,1138,68.2632
APCA,1139,68.2632
APCA,1140,68.2632
APCA,1141,68.2632
APCA,1142,68.2632
APCA,1143,68.2632
APCA,1144,68.2632
APCA,1145,68.2632
APCA,1146,68.2632
APCA,1147,68.2632
APCA,1148,68.2632
APCA,1149,68.2632
APCA,1150,68.2632
APCA,1151,68.2632
APCA,1152,61.3389
APCA,1153,61.3389
APCA,1154,61.3389
APCA,1155,61.3389
APCA,1156,61.3389
APCA,1157,61.3389
APCA,1158,61.3389
APCA,1159,61.3389
APCA,1160,61.3389
APCA,1161,61.3389
APCA,1162,61.3389
APCA,1163,61.3389
APCA,1164,61.3389
APCA,1165,61.3389
APCA,1166,61.3389
APCA,1167,61.3389
APCA,1168,61.3389
APCA,1169,61.3389
APCA,1170,61.3389
APCA,1171,61.3389
APCA,1172,61.3389
APCA,1173,61.3389
APCA,1174,61.3389
APCA,1175,61.3389
APCA,1176,61.3389
APCA,1177,61.3389
APCA,1178,61.3389
APCA,1179,61.3389
APCA,1180,61.3389
APCA,1181,61.3389
APCA,1182,61.3389
APCA,1183,61.3389
APCA,1184,61.3389
APCA,1185,61.3389
APCA,1186,61.3389
APCA,1187,61.3389
APCA,1188,61.3389
APCA,1189,61.3389
APCA,1190,61.3389
APCA,1191,61.3389
APCA,1192,61.3389
APCA,1193,61.3389
APCA,1194,61.3389
APCA,1195,61.3389
APCA,1196,61.3389
APCA,1197,61.3389
APCA,1198,61.3389
APCA,1199,61.3389
APCA,1200,61.3389
APCA,1201,61.3389
APCA,1202,61.3389
APCA,1203,61.3389
APCA,1204,61.3389
APCA,1205,61.3389
APCA,1206,61.3389
APCA,1207,61.3389
APCA,1208,61.3389
APCA,1209,61.3389
APCA,1210,61.3389
APCA,1211,61.3389
APCA,1212,61.3389
APCA,1213,61.3389
APCA,1214,61.3389
APCA,1215,61.3389
APCA,1216,84.1896
APCA,1217,84.1896
APCA,1218,84.1896
APCA,1219,84.1896
APCA,1220,84.1896
APCA,1221,84.1896
APCA,1222,84.1896
APCA,1223,84.1896
APCA,1224,84.1896
APCA,1225,84.1896
APCA,1226,84.1896
APCA,1227,84.1896
APCA,1228,84.1896
APCA,1229,84.1896
APCA,1230,84.1896
APCA,1231,84.1896
APCA,1232,84.1896
APCA,1233,84.1896
APCA,1234,84.1896
APCA,1235,84.1896
APCA,1236,84.1896
APCA,1237,84.1896
APCA,1238,84.1896
APCA,1239,84.1896
APCA,1240,84.1896
APCA,1241,84.1896
APCA,1242,84.1896
APCA,1243,84.1896
APCA,1244,84.1896
APCA,1245,84.1896
APCA,1246,84.1896
APCA,1247,84.1896
APCA,1248,84.1896
APCA,1249,84.1896
APCA,1250,84.1896
APCA,1251,84.1896
APCA,1252,84.1896
APCA,1253,84.1896
APCA,1254,84.1896
APCA,1255,84.1896
APCA,1256,84.1896
APCA,1257,84.1896
APCA,1258,84.1896
APCA,1259,84.1896
APCA,1260,84.1896
APCA,1261,84.1896
APCA,1262,84.1896
APCA,1263,84.1896
APCA,1264,84.1896
APCA,1265,84.1896
APCA,1266,84.1896
APCA,1267,84.1896
APCA,1268,84.1896
APCA,1269,84.1896
APCA,1270,84.1896
APCA,1271,84.1896
APCA,1272,84.1896
APCA,1273,84.1896
APCA,1274,84.1896
APCA,1275,84.1896
APCA,1276,84.1896
APCA,1277,84.1896
APCA,1278,84.1896
APCA,1279,84.1896
APCA,1280,62.5918
APCA,1281,62.5918
APCA,1282,62.5918
APCA,1283,62.5918
APCA,1284,62.5918
APCA,1285,62.5918
APCA,1286,62.5918
APCA,1287,62.5918
APCA,1288,62.5918
APCA,1289,62.5918
APCA,1290,62.5918
APCA,1291,62.5918
APCA,1292,62.5918
APCA,1293,62.5918
APCA,1294,62.5918
APCA,1295,62.5918
APCA,1296,62.5918
APCA,1297,62.5918
APCA,1298,62.5918
APCA,1299,62.5918
APCA,1300,62.5918
APCA,1301,62.5918
APCA,1302,62.5918
APCA,1303,62.5918
APCA,1304,62.5918
APCA,1305,62.5918
APCA,1306,62.5918
APCA,1307,62.5918
APCA,1308,62.5918
APCA,1309,62.5918
APCA,1310,62.5918
APCA,1311,62.5918
APCA,1312,62.5918
APCA,1313,62.5918
APCA,1314,62.5918
APCA,1315,62.5918
APCA,1316,62.5918
APCA,1317,62.5918
APCA,1318,62.5918
APCA,1319,62.5918
APCA,1320,62.5918
APCA,1321,62.5918
APCA,1322,62.5918
APCA,1323,62.5918
APCA,1324,62.5918
APCA,1325,62.5918
APCA,1326,62.5918
APCA,1327,62.5918
APCA,1328,62.5918
APCA,1329,62.5918
APCA,1330,62.5918
APCA,1331,62.5918
APCA,1332,62.5918
APCA,1333,62.5918
APCA,1334,62.5918
APCA,1335,62.5918
APCA,1336,62.5918
APCA,1337,62.5918
APCA,1338,62.5918
APCA,1339,62.5918
APCA,1340,62.5918
APCA,1341,62.5918
APCA,1342,62.5918
APCA,1343,62.5918
APCA,1344,62.5918
APCA,1345,62.5918
APCA,1346,62.5918
APCA,1347,62.5918
APCA,1348,62.5918
APCA,1349,62.5918
APCA,1350,62.5918
APCA,1351,62.5918
APCA,1352,62.5918
APCA,1353,62.5918
APCA,1354,62.5918
APCA,1355,62.5918
APCA,1356,62.5918
APCA,1357,62.5918
APCA,1358,62.5918
APCA,1359,62.5918
APCA,1360,62.5918
APCA,1361,62.5918
APCA,1362,62.5918
APCA,1363,62.5918
APCA,1364,62.5918
APCA,1365,62.5918
APCA,1366,62.5918
APCA,1367,62.5918
APCA,1368,62.5918
APCA,1369,62.5918
APCA,1370,62.5918
APCA,1371,62.5918
APCA,1372,62.5918
APCA,1373,62.5918
APCA,1374,62.5918
APCA,1375,62.5918
APCA,1376,62.5918
APCA,1377,62.5918
APCA,1378,62.5918
APCA,1379,62.5918
APCA,1380,62.5918
APCA,1381,62.5918
APCA,1382,62.5918
APCA,1383,62.5918
APCA,1384,62.5918
APCA,1385,62.5918
APCA,1386,62.5918
APCA,1387,62.5918
APCA,1388,62.5918
APCA,1389,62.5918
APCA,1390,62.5918
APCA,1391,62.5918
APCA,1392,62.5918
APCA,1393,62.5918
APCA,1394,62.5918
APCA,1395,62.5918
APCA,1396,62.5918
APCA,1397,62.5918
APCA,1398,62.5918
APCA,1399,62.5918
APCA,1400,62.5918
APCA,1401,62.5918
APCA,1402,62.5918
APCA,1403,62.5918
APCA,1404,62.5918
APCA,1405,62.5918
APCA,1406,62.5918
APCA,1407,62.5918
APCA,1408,88.789
APCA,1409,88.789
APCA,1410,88.789
APCA,1411,88.789
APCA,1412,88.789
APCA,1413,88.789
APCA,1414,88.789
APCA,1415,88.789
APCA,1416,88.789
APCA,1417,88.789
APCA,1418,88.789
APCA,1419,88.789
APCA,1420,88.789
APCA,1421,88.789
APCA,1422,88.789
APCA,1423,88.789
APCA,1424,88.789
APCA,1425,88.789
APCA,1426,88.789
APCA,1427,88.789
APCA,1428,88.789
APCA,1429,88.789
APCA,1430,88.789
APCA,1431,88.789
APCA,1432,88.789
APCA,1433,88.789
APCA,1434,88.789
APCA,1435,88.789
APCA,1436,88.789
APCA,1437,88.789
APCA,1438,88.789
APCA,1439,88.789
APCA,1440,75.5464
APCA,1441,75.5464
APCA,1442,75.5464
APCA,1443,75.5464
APCA,1444,75.5464
APCA,1445,75.5464
APCA,1446,75.5464
APCA,1447,75.5464
APCA,1448,75.5464
APCA,1449,75.5464
APCA,1450,75.5464
APCA,1451,75.5464
APCA,1452,75.5464
APCA,1453,75.5464
APCA,1454,75.5464
APCA,1455,75.5464
APCA,1456,75.5464
APCA,1457,75.5464
APCA,1458,75.5464
APCA,1459,75.5464
APCA,1460,75.5464
APCA,1461,75.5464
APCA,1462,75.5464
APCA,1463,75.5464
APCA,1464,75.5464
APCA,1465,75.5464
APCA,1466,75.5464
APCA,1467,75.5464
APCA,1468,75.5464
APCA,1469,75.5464
APCA,1470,75.5464
APCA,1471,75.5464
APCA,1472,61.4586
APCA,1473,61.4586
APCA,1474,61.4586
APCA,1475,61.4586
APCA,1476,61.4586
APCA,1477,61.4586
APCA,1478,61.4586
APCA,1479,61.4586
APCA,1480,61.4586
APCA,1481,61.4586
APCA,1482,61.4586
APCA,1483,61.4586
APCA,1484,61.4586
APCA,1485,61.4586
APCA,1486,61.4586
APCA,1487,61.4586
APCA,1488,61.4586
APCA,1489,61.4586
APCA,1490,61.4586
APCA,1491,61.4586
APCA,1492,61.4586
APCA,1493,61.4586
APCA,1494,61.4586
APCA,1495,61.4586
APCA,1496,61.4586
APCA,1497,61.4586
APCA,1498,61.4586
APCA,1499,61.4586
APCA,1500,61.4586
APCA,1501,61.4586
APCA,1502,61.4586
APCA,1503,61.4586
APCA,1504,61.4586
APCA,1505,61.4586
APCA,1506,61.4586
APCA,1507,61.4586
APCA,1508,61.4586
APCA,1509,61.4586
APCA,1510,61.4586
APCA,1511,61.4586
APCA,1512,61.4586
APCA,1513,61.4586
APCA,1514,61.4586
APCA,1515,61.4586
APCA,1516,61.4586
APCA,1517,61.4586
APCA,1518,61.4586
APCA,1519,61.4586
APCA,1520,61.4586
APCA,1521,61.4586
APCA,1522,61.4586
APCA,1523,61.4586
APCA,1524,61.4586
APCA,1525,61.4586
APCA,1526,61.4586
APCA,1527,61.4586
APCA,1528,61.4586
APCA,1529,61.4586
APCA,1530,61.4586
APCA,1531,61.4586
APCA,1532,61.4586
APCA,1533,61.4586
APCA,1534,61.4586
APCA,1535,61.4586
APCA,1536,57.7949
APCA,1537,57.7949
APCA,1538,57.7949
APCA,1539,57.7949
APCA,1540,57.7949
APCA,1541,57.7949
APCA,1542,57.7949
APCA,1543,57.7949
APCA,1544,57.7949
APCA,1545,57.7949
APCA,1546,57.7949
APCA,1547,57.7949
APCA,1548,57.7949
APCA,1549,57.7949
APCA,1550,57.7949
APCA,1551,57.7949
APCA,1552,57.7949
APCA,1553,57.7949
APCA,1554,57.7949
APCA,1555,57.7949
APCA,1556,57.7949
APCA,1557,57.7949
APCA,1558,57.7949
APCA,1559,57.7949
APCA,1560,57.7949
APCA,1561,57.7949
APCA,1562,57.7949
APCA,1563,57.7949
APCA,1564,57.7949
APCA,1565,57.7949
APCA,1566,57.7949
APCA,1567,57.7949
APCA,1568,76.4809
APCA,1569,76.4809
APCA,1570,76.4809
APCA,1571,76.4809
APCA,1572,76.4809
APCA,1573,76.4809
APCA,1574,76.4809
APCA,1575,76.4809
APCA,1576,76.4809
APCA,1577,76.4809
APCA,1578,76.4809
APCA,1579,76.4809
APCA,1580,76.4809
APCA,1581,76.4809
APCA,1582,76.4809
APCA,1583,76.4809
APCA,1584,76.4809
APCA,1585,76.4809
APCA,1586,76.4809
APCA,1587,76.4809
APCA,1588,76.4809
APCA,1589,76.4809
APCA,1590,76.4809
APCA,1591,76.4809
APCA,1592,76.4809
APCA,1593,76.4809
APCA,1594,76.4809
APCA,1595,76.4809
APCA,1596,76.4809
APCA,1597,76.4809
APCA,1598,76.4809
APCA,1599,76.4809
APCA,1600,92.0361
APCA,1601,92.0361
APCA,1602,92.0361
APCA,1603,92.0361
APCA,1604,92.0361
APCA,1605,92.0361
APCA,1606,92.0361
APCA,1607,92.0361
APCA,1608,92.0361
APCA,1609,92.0361
APCA,1610,92.0361
APCA,1611,92.0361
APCA,1612,92.0361
APCA,1613,92.0361
APCA,1614,92.0361
APCA,1615,92.0361
APCA,1616,92.0361
APCA,1617,92.0361
APCA,1618,92.0361
APCA,1619,92.0361
APCA,1620,92.0361
APCA,1621,92.0361
APCA,1622,92.0361
APCA,1623,92.0361
APCA,1624,92.0361
APCA,1625,92.0361
APCA,1626,92.0361
APCA,1627,92.0361
APCA,1628,92.0361
APCA,1629,92.0361
APCA,1630,92.0361
APCA,1631,92.0361
APCA,1632,70.9277
APCA,1633,70.9277
APCA,1634,70.9277
APCA,1635,70.9277
APCA,1636,70.9277
APCA,1637,70.9277
APCA,1638,70.9277
APCA,1639,70.9277
APCA,1640,70.9277
APCA,1641,70.9277
APCA,1642,70.9277
APCA,1643,70.9277
APCA,1644,70.9277
APCA,1645,70.9277
APCA,1646,70.9277
APCA,1647,70.9277
APCA,1648,70.9277
APCA,1649,70.9277
APCA,1650,70.9277
APCA,1651,70.9277
APCA,1652,70.9277
APCA,1653,70.9277
APCA,1654,70.9277
APCA,1655,70.9277
APCA,1656,70.9277
APCA,1657,70.9277
APCA,1658,70.9277
APCA,1659,70.9277
APCA,1660,70.9277
APCA,1661,70.9277
APCA,1662,70.9277
APCA,1663,70.9277
APCA,1664,61.9972
APCA,1665,61.9972
APCA,1666,61.9972
APCA,1667,61.9972
APCA,1668,61.9972
APCA,1669,61.9972
APCA,1670,61.9972
APCA,1671,61.9972
APCA,1672,61.9972
APCA,1673,61.9972
APCA,1674,61.9972
APCA,1675,61.9972
APCA,1676,61.9972
APCA,1677,61.9972
APCA,1678,61.9972
APCA,1679,61.9972
APCA,1680,61.9972
APCA,1681,61.9972
APCA,1682,61.9972
APCA,1683,61.9972
APCA,1684,61.9972
APCA,1685,61.9972
APCA,1686,61.9972
APCA,1687,61.9972
APCA,1688,61.9972
APCA,1689,61.9972
APCA,1690,61.9972
APCA,1691,61.9972
APCA,1692,61.9972
APCA,1693,61.9972
APCA,1694,61.9972
APCA,1695,61.9972
APCA,1696,61.9972
APCA,1697,61.9972
APCA,1698,61.9972
APCA,1699,61.9972
APCA,1700,61.9972
APCA,1701,61.9972
APCA,1702,61.9972
APCA,1703,61.9972
APCA,1704,61.9972
APCA,1705,61.9972
APCA,1706,61.9972
APCA,1707,61.9972
APCA,1708,61.9972
APCA,1709,61.9972
APCA,1710,61.9972
APCA,1711,61.9972
APCA,1712,61.9972
APCA,1713,61.9972
APCA,1714,61.9972
APCA,1715,61.9972
APCA,1716,61.9972
APCA,1717,61.9972
APCA,1718,61.9972
APCA,1719,61.9972
APCA,1720,61.9972
APCA,1721,61.9972
APCA,1722,61.9972
APCA,1723,61.9972
APCA,1724,61.9972
APCA,1725,61.9972
APCA,1726,61.9972
APCA,1727,61.9972
APCA,1728,73.9602
APCA,1729,73.9602
APCA,1730,73.9602
APCA,1731,73.9602
APCA,1732,73.9602
APCA,1733,73.9602
APCA,1734,73.9602
APCA,1735,73.9602
APCA,1736,73.9602
APCA,1737,73.9602
APCA,1738,73.9602
APCA,1739,73.9602
APCA,1740,73.9602
APCA,1741,73.9602
APCA,1742,73.9602
APCA,1743,73.9602
APCA,1744,73.9602
APCA,1745,73.9602
APCA,1746,73.9602
APCA,1747,73.9602
APCA,1748,73.9602
APCA,1749,73.9602
APCA,1750,73.9602
APCA,1751,73.9602
APCA,1752,73.9602
APCA,1753,73.9602
APCA,1754,73.9602
APCA,1755,73.9602
APCA,1756,73.9602
APCA,1757,73.9602
APCA,1758,73.9602
APCA,1759,73.9602
APCA,1760,73.9602
APCA,1761,73.9602
APCA,1762,73.9602
APCA,1763,73.9602
APCA,1764,73.9602
APCA,1765,73.9602
APCA,1766,73.9602
APCA,1767,73.9602
APCA,1768,73.9602
APCA,1769,73.9602
APCA,1770,73.9602
APCA,1771,73.9602
APCA,1772,73.9602
APCA,1773,73.9602
APCA,1774,73.9602
APCA,1775,73.9602
APCA,1776,73.9602
APCA,1777,73.9602
APCA,1778,73.9602
APCA,1779,73.9602
APCA,1780,73.9602
APCA,1781,73.9602
APCA,1782,73.9602
APCA,1783,73.9602
APCA,1784,73.9602
APCA,1785,73.9602
APCA,1786,73.9602
APCA,1787,73.9602
APCA,1788,73.9602
APCA,1789,73.9602
APCA,1790,73.9602
APCA,1791,73.9602
APCA,1792,89.0154
APCA,1793,89.0154
APCA,1794,89.0154
APCA,1795,89.0154
APCA,1796,89.0154
APCA,1797,89.0154
APCA,1798,89.0154
APCA,1799,89.0154
APCA,1800,89.0154
APCA,1801,89.0154
APCA,1802,89.0154
APCA,1803,89.0154
APCA,1804,89.0154
APCA,1805,89.0154
APCA,1806,89.0154
APCA,1807,89.0154
APCA,1808,89.0154
APCA,1809,89.0154
APCA,1810,89.0154
APCA,1811,89.0154
APCA,1812,89.0154
APCA,1813,89.0154
APCA,1814,89.0154
APCA,1815,89.0154
APCA,1816,89.0154
APCA,1817,89.0154
APCA,1818,89.0154
APCA,1819,89.0154
APCA,1820,89.0154
APCA,1821,89.0154
APCA,1822,89.0154
APCA,1823,89.0154
APCA,1824,68.8336
APCA,1825,68.8336
APCA,1826,68.8336
APCA,1827,68.8336
APCA,1828,68.8336
APCA,1829,68.8336
APCA,1830,68.8336
APCA,1831,68.8336
APCA,1832,68.8336
APCA,1833,68.8336
APCA,1834,68.8336
APCA,1835,68.8336
APCA,1836,68.8336
APCA,1837,68.8336
APCA,1838,68.8336
APCA,1839,68.8336
APCA,1840,68.8336
APCA,1841,68.8336
APCA,1842,68.8336
APCA,1843,68.8336
APCA,1844,68.8336
APCA,1845,68.8336
APCA,1846,68.8336
APCA,1847,68.8336
APCA,1848,68.8336
APCA,1849,68.8336
APCA,1850,68.8336
APCA,1851,68.8336
APCA,1852,68.8336
APCA,1853,68.8336
APCA,1854,68.8336
APCA,1855,68.8336
APCA,1856,62.5365
APCA,1857,62.5365
APCA,1858,62.5365
APCA,1859,62.5365
APCA,1860,62.5365
APCA,1861,62.5365
APCA,1862,62.5365
APCA,1863,62.5365
APCA,1864,62.5365
APCA,1865,62.5365
APCA,1866,62.5365
APCA,1867,62.5365
APCA,1868,62.5365
APCA,1869,62.5365
APCA,1870,62.5365
APCA,1871,62.5365
APCA,1872,62.5365
APCA,1873,62.5365
APCA,1874,62.5365
APCA,1875,62.5365
APCA,1876,62.5365
APCA,1877,62.5365
APCA,1878,62.5365
APCA,1879,62.5365
APCA,1880,62.5365
APCA,1881,62.5365
APCA,1882,62.5365
APCA,1883,62.5365
APCA,1884,62.5365
APCA,1885,62.5365
APCA,1886,62.5365
APCA,1887,62.5365
APCA,1888,62.5365
APCA,1889,62.5365
APCA,1890,62.5365
APCA,1891,62.5365
APCA,1892,62.5365
APCA,1893,62.5365
APCA,1894,62.5365
APCA,1895,62.5365
APCA,1896,62.5365
APCA,1897,62.5365
APCA,1898,62.5365
APCA,1899,62.5365
APCA,1900,62.5365
APCA,1901,62.5365
APCA,1902,62.5365
APCA,1903,62.5365
APCA,1904,62.5365
APCA,1905,62.5365
APCA,1906,62.5365
APCA,1907,62.5365
APCA,1908,62.5365
APCA,1909,62.5365
APCA,1910,62.5365
APCA,1911,62.5365
APCA,1912,62.5365
APCA,1913,62.5365
APCA,1914,62.5365
APCA,1915,62.5365
APCA,1916,62.5365
APCA,1917,62.5365
APCA,1918,62.5365
APCA,1919,62.5365
APCA,1920,82.2507
APCA,1921,82.2507
APCA,1922,82.2507
APCA,1923,82.2507
APCA,1924,82.2507
APCA,1925,82.2507
APCA,1926,82.2507
APCA,1927,82.2507
APCA,1928,82.2507
APCA,1929,82.2507
APCA,1930,82.2507
APCA,1931,82.2507
APCA,1932,82.2507
APCA,1933,82.2507
APCA,1934,82.2507
APCA,1935,82.2507
APCA,1936,82.2507
APCA,1937,82.2507
APCA,1938,82.2507
APCA,1939,82.2507
APCA,1940,82.2507
APCA,1941,82.2507
APCA,1942,82.2507
APCA,1943,82.2507
APCA,1944,82.2507
APCA,1945,82.2507
APCA,1946,82.2507
APCA,1947,82.2507
APCA,1948,82.2507
APCA,1949,82.2507
APCA,1950,82.2507
APCA,1951,82.2507
APCA,1952,82.2507
APCA,1953,82.2507
APCA,1954,82.2507
APCA,1955,82.2507
APCA,1956,82.2507
APCA,1957,82.2507
APCA,1958,82.2507
APCA,1959,82.2507
APCA,1960,82.2507
APCA,1961,82.2507
APCA,1962,82.2507
APCA,1963,82.2507
APCA,1964,82.2507
APCA,1965,82.2507
APCA,1966,82.2507
APCA,1967,82.2507
APCA,1968,82.2507
APCA,1969,82.2507
APCA,1970,82.2507
APCA,1971,82.2507
APCA,1972,82.2507
APCA,1973,82.2507
APCA,1974,82.2507
APCA,1975,82.2507
APCA,1976,82.2507
APCA,1977,82.2507
APCA,1978,82.2507
APCA,1979,82.2507
APCA,1980,82.2507
APCA,1981,82.2507
APCA,1982,82.2507
APCA,1983,82.2507
APCA,1984,91.8114
APCA,1985,91.8114
APCA,1986,91.8114
APCA,1987,91.8114
APCA,1988,91.8114
APCA,1989,91.8114
APCA,1990,91.8114
APCA,1991,91.8114
APCA,1992,91.8114
APCA,1993,91.8114
APCA,1994,91.8114
APCA,1995,91.8114
APCA,1996,91.8114
APCA,1997,91.8114
APCA,1998,91.8114
APCA,1999,91.8114
PAA,0,68.4764
PAA,1,68.4764
PAA,2,68.4764
PAA,3,68.4764
PAA,4,68.4764
PAA,5,68.4764
PAA,6,68.4764
PAA,7,68.4764
PAA,8,68.4764
PAA,9,68.4764
PAA,10,68.4764
PAA,11,68.4764
PAA,12,68.4764
PAA,13,68.4764
PAA,14,68.4764
PAA,15,68.4764
PAA,16,68.4764
PAA,17,68.4764
PAA,18,68.4764
PAA,19,68.4764
PAA,20,68.4764
PAA,21,68.4764
PAA,22,68.4764
PAA,23,68.4764
PAA,24,68.4764
PAA,25,64.469
PAA,26,64.469
PAA,27,64.469
PAA,28,64.469
PAA,29,64.469
PAA,30,64.469
PAA,31,64.469
PAA,32,64.469
PAA,33,64.469
PAA,34,64.469
PAA,35,64.469
PAA,36,64.469
PAA,37,64.469
PAA,38,64.469
PAA,39,64.469
PAA,40,64.469
PAA,41,64.469
PAA,42,64.469
PAA,43,64.469
PAA,44,64.469
PAA,45,64.469
PAA,46,64.469
PAA,47,64.469
PAA,48,64.469
PAA,49,64.469
PAA,50,62.5127
PAA,51,62.5127
PAA,52,62.5127
PAA,53,62.5127
PAA,54,62.5127
PAA,55,62.5127
PAA,56,62.5127
PAA,57,62.5127
PAA,58,62.5127
PAA,59,62.5127
PAA,60,62.5127
PAA,61,62.5127
PAA,62,62.5127
PAA,63,62.5127
PAA,64,62.5127
PAA,65,62.5127
PAA,66,62.5127
PAA,67,62.5127
PAA,68,62.5127
PAA,69,62.5127
PAA,70,62.5127
PAA,71,62.5127
PAA,72,62.5127
PAA,73,62.5127
PAA,74,62.5127
PAA,75,59.2003
PAA,76,59.2003
PAA,77,59.2003
PAA,78,59.2003
PAA,79,59.2003
PAA,80,59.2003
PAA,81,59.2003
PAA,82,59.2003
PAA,83,59.2003
PAA,84,59.2003
PAA,85,59.2003
PAA,86,59.2003
PAA,87,59.2003
PAA,88,59.2003
PAA,89,59.2003
PAA,90,59.2003
PAA,91,59.2003
PAA,92,59.2003
PAA,93,59.2003
PAA,94,59.2003
PAA,95,59.2003
PAA,96,59.2003
PAA,97,59.2003
PAA,98,59.2003
PAA,99,59.2003
PAA,100,67.1394
PAA,101,67.1394
PAA,102,67.1394
PAA,103,67.1394
PAA,104,67.1394
PAA,105,67.1394
PAA,106,67.1394
PAA,107,67.1394
PAA,108,67.1394
PAA,109,67.1394
PAA,110,67.1394
PAA,111,67.1394
PAA,112,67.1394
PAA,113,67.1394
PAA,114,67.1394
PAA,115,67.1394
PAA,116,67.1394
PAA,117,67.1394
PAA,118,67.1394
PAA,119,67.1394
PAA,120,67.1394
PAA,121,67.1394
PAA,122,67.1394
PAA,123,67.1394
PAA,124,67.1394
PAA,125,87.9601
PAA,126,87.9601
PAA,127,87.9601
PAA,128,87.9601
PAA,129,87.9601
PAA,130,87.9601
PAA,131,87.9601
PAA,132,87.9601
PAA,133,87.9601
PAA,134,87.9601
PAA,135,87.9601
PAA,136,87.9601
PAA,137,87.9601
PAA,138,87.9601
PAA,139,87.9601
PAA,140,87.9601
PAA,141,87.9601
PAA,142,87.9601
PAA,143,87.9601
PAA,144,87.9601
PAA,145,87.9601
PAA,146,87.9601
PAA,147,87.9601
PAA,148,87.9601
PAA,149,87.9601
PAA,150,84.0691
PAA,151,84.0691
PAA,152,84.0691
PAA,153,84.0691
PAA,154,84.0691
PAA,155,84.0691
PAA,156,84.0691
PAA,157,84.0691
PAA,158,84.0691
PAA,159,84.0691
PAA,160,84.0691
PAA,161,84.0691
PAA,162,84.0691
PAA,163,84.0691
PAA,164,84.0691
PAA,165,84.0691
PAA,166,84.0691
PAA,167,84.0691
PAA,168,84.0691
PAA,169,84.0691
PAA,170,84.0691
PAA,171,84.0691
PAA,172,84.0691
PAA,173,84.0691
PAA,174,84.0691
PAA,175,67.9672
PAA,176,67.9672
PAA,177,67.9672
PAA,178,67.9672
PAA,179,67.9672
PAA,180,67.9672
PAA,181,67.9672
PAA,182,67.9672
PAA,183,67.9672
PAA,184,67.9672
PAA,185,67.9672
PAA,186,67.9672
PAA,187,67.9672
PAA,188,67.9672
PAA,189,67.9672
PAA,190,67.9672
PAA,191,67.9672
PAA,192,67.9672
PAA,193,67.9672
PAA,194,67.9672
PAA,195,67.9672
PAA,196,67.9672
PAA,197,67.9672
PAA,198,67.9672
PAA,199,67.9672
PAA,200,61.4575
PAA,201,61.4575
PAA,202,61.4575
PAA,203,61.4575
PAA,204,61.4575
PAA,205,61.4575
PAA,206,61.4575
PAA,207,61.4575
PAA,208,61.4575
PAA,209,61.4575
PAA,210,61.4575
PAA,211,61.4575
PAA,212,61.4575
PAA,213,61.4575
PAA,214,61.4575
PAA,215,61.4575
PAA,216,61.4575
PAA,217,61.4575
PAA,218,61.4575
PAA,219,61.4575
PAA,220,61.4575
PAA,221,61.4575
PAA,222,61.4575
PAA,223,61.4575
PAA,224,61.4575
PAA,225,59.9953
PAA,226,59.9953
PAA,227,59.9953
PAA,228,59.9953
PAA,229,59.9953
PAA,230,59.9953
PAA,231,59.9953
PAA,232,59.9953
PAA,233,59.9953
PAA,234,59.9953
PAA,235,59.9953
PAA,236,59.9953
PAA,237,59.9953
PAA,238,59.9953
PAA,239,59.9953
PAA,240,59.9953
PAA,241,59.9953
PAA,242,59.9953
PAA,243,59.9953
PAA,244,59.9953
PAA,245,59.9953
PAA,246,59.9953
PAA,247,59.9953
PAA,248,59.9953
PAA,249,59.9953
PAA,250,58.2803
PAA,251,58.2803
PAA,252,58.2803
PAA,253,58.2803
PAA,254,58.2803
PAA,255,58.2803
PAA,256,58.2803
PAA,257,58.2803
PAA,258,58.2803
PAA,259,58.2803
PAA,260,58.2803
PAA,261,58.2803
PAA,262,58.2803
PAA,263,58.2803
PAA,264,58.2803
PAA,265,58.2803
PAA,266,58.2803
PAA,267,58.2803
PAA,268,58.2803
PAA,269,58.2803
PAA,270,58.2803
PAA,271,58.2803
PAA,272,58.2803
PAA,273,58.2803
PAA,274,58.2803
PAA,275,60.6816
PAA,276,60.6816
PAA,277,60.6816
PAA,278,60.6816
PAA,279,60.6816
PAA,280,60.6816
PAA,281,60.6816
PAA,282,60.6816
PAA,283,60.6816
PAA,284,60.6816
PAA,285,60.6816
PAA,286,60.6816
PAA,287,60.6816
PAA,288,60.6816
PAA,289,60.6816
PAA,290,60.6816
PAA,291,60.6816
PAA,292,60.6816
PAA,293,60.6816
PAA,294,60.6816
PAA,295,60.6816
PAA,296,60.6816
PAA,297,60.6816
PAA,298,60.6816
PAA,299,60.6816
PAA,300,82.9463
PAA,301,82.9463
PAA,302,82.9463
PAA,303,82.9463
PAA,304,82.9463
PAA,305,82.9463
PAA,306,82.9463
PAA,307,82.9463
PAA,308,82.9463
PAA,309,82.9463
PAA,310,82.9463
PAA,311,82.9463
PAA,312,82.9463
PAA,313,82.9463
PAA,314,82.9463
PAA,315,82.9463
PAA,316,82.9463
PAA,317,82.9463
PAA,318,82.9463
PAA,319,82.9463
PAA,320,82.9463
PAA,321,82.9463
PAA,322,82.9463
PAA,323,82.9463
PAA,324,82.9463
PAA,325,88.8672
PAA,326,88.8672
PAA,327,88.8672
PAA,328,88.8672
PAA,329,88.8672
PAA,330,88.8672
PAA,331,88.8672
PAA,332,88.8672
PAA,333,88.8672
PAA,334,88.8672
PAA,335,88.8672
PAA,336,88.8672
PAA,337,88.8672
PAA,338,88.8672
PAA,339,88.8672
PAA,340,88.8672
PAA,341,88.8672
PAA,342,88.8672
PAA,343,88.8672
PAA,344,88.8672
PAA,345,88.8672
PAA,346,88.8672
PAA,347,88.8672
PAA,348,88.8672
PAA,349,88.8672
PAA,350,71.2563
PAA,351,71.2563
PAA,352,71.2563
PAA,353,71.2563
PAA,354,71.2563
PAA,355,71.2563
PAA,356,71.2563
PAA,357,71.2563
PAA,358,71.2563
PAA,359,71.2563
PAA,360,71.2563
PAA,361,71.2563
PAA,362,71.2563
PAA,363,71.2563
PAA,364,71.2563
PAA,365,71.2563
PAA,366,71.2563
PAA,367,71.2563
PAA,368,71.2563
PAA,369,71.2563
PAA,370,71.2563
PAA,371,71.2563
PAA,372,71.2563
PAA,373,71.2563
PAA,374,71.2563
PAA,375,62.7553
PAA,376,62.7553
PAA,377,62.7553
PAA,378,62.7553
PAA,379,62.7553
PAA,380,62.7553
PAA,381,62.7553
PAA,382,62.7553
PAA,383,62.7553
PAA,384,62.7553
PAA,385,62.7553
PAA,386,62.7553
PAA,387,62.7553
PAA,388,62.7553
PAA,389,62.7553
PAA,390,62.7553
PAA,391,62.7553
PAA,392,62.7553
PAA,393,62.7553
PAA,394,62.7553
PAA,395,62.7553
PAA,396,62.7553
PAA,397,62.7553
PAA,398,62.7553
PAA,399,62.7553
PAA,400,60.3748
PAA,401,60.3748
PAA,402,60.3748
PAA,403,60.3748
PAA,404,60.3748
PAA,405,60.3748
PAA,406,60.3748
PAA,407,60.3748
PAA,408,60.3748
PAA,409,60.3748
PAA,410,60.3748
PAA,411,60.3748
PAA,412,60.3748
PAA,413,60.3748
PAA,414,60.3748
PAA,415,60.3748
PAA,416,60.3748
PAA,417,60.3748
PAA,418,60.3748
PAA,419,60.3748
PAA,420,60.3748
PAA,421,60.3748
PAA,422,60.3748
PAA,423,60.3748
PAA,424,60.3748
PAA,425,59.0865
PAA,426,59.0865
PAA,427,59.0865
PAA,428,59.0865
PAA,429,59.0865
PAA,430,59.0865
PAA,431,59.0865
PAA,432,59.0865
PAA,433,59.0865
PAA,434,59.0865
PAA,435,59.0865
PAA,436,59.0865
PAA,437,59.0865
PAA,438,59.0865
PAA,439,59.0865
PAA,440,59.0865
PAA,441,59.0865
PAA,442,59.0865
PAA,443,59.0865
PAA,444,59.0865
PAA,445,59.0865
PAA,446,59.0865
PAA,447,59.0865
PAA,448,59.0865
PAA,449,59.0865
PAA,450,58.2716
PAA,451,58.2716
PAA,452,58.2716
PAA,453,58.2716
PAA,454,58.2716
PAA,455,58.2716
PAA,456,58.2716
PAA,457,58.2716
PAA,458,58.2716
PAA,459,58.2716
PAA,460,58.2716
PAA,461,58.2716
PAA,462,58.2716
PAA,463,58.2716
PAA,464,58.2716
PAA,465,58.2716
PAA,466,58.2716
PAA,467,58.2716
PAA,468,58.2716
PAA,469,58.2716
PAA,470,58.2716
PAA,471,58.2716
PAA,472,58.2716
PAA,473,58.2716
PAA,474,58.2716
PAA,475,79.6356
PAA,476,79.6356
PAA,477,79.6356
PAA,478,79.6356
PAA,479,79.6356
PAA,480,79.6356
PAA,481,79.6356
PAA,482,79.6356
PAA,483,79.6356
PAA,484,79.6356
PAA,485,79.6356
PAA,486,79.6356
PAA,487,79.6356
PAA,488,79.6356
PAA,489,79.6356
PAA,490,79.6356
PAA,491,79.6356
PAA,492,79.6356
PAA,493,79.6356
PAA,494,79.6356
PAA,495,79.6356
PAA,496,79.6356
PAA,497,79.6356
PAA,498,79.6356
PAA,499,79.6356
PAA,500,94.1107
PAA,501,94.1107
PAA,502,94.1107
PAA,503,94.1107
PAA,504,94.1107
PAA,505,94.1107
PAA,506,94.1107
PAA,507,94.1107
PAA,508,94.1107
PAA,509,94.1107
PAA,510,94.1107
PAA,511,94.1107
PAA,512,94.1107
PAA,513,94.1107
PAA,514,94.1107
PAA,515,94.1107
PAA,516,94.1107
PAA,517,94.1107
PAA,518,94.1107
PAA,519,94.1107
PAA,520,94.1107
PAA,521,94.1107
PAA,522,94.1107
PAA,523,94.1107
PAA,524,94.1107
PAA,525,77.6453
PAA,526,77.6453
PAA,527,77.6453
PAA,528,77.6453
PAA,529,77.6453
PAA,530,77.6453
PAA,531,77.6453
PAA,532,77.6453
PAA,533,77.6453
PAA,534,77.6453
PAA,535,77.6453
PAA,536,77.6453
PAA,537,77.6453
PAA,538,77.6453
PAA,539,77.6453
PAA,540,77.6453
PAA,541,77.6453
PAA,542,77.6453
PAA,543,77.6453
PAA,544,77.6453
PAA,545,77.6453
PAA,546,77.6453
PAA,547,77.6453
PAA,548,77.6453
PAA,549,77.6453
PAA,550,66.0307
PAA,551,66.0307
PAA,552,66.0307
PAA,553,66.0307
PAA,554,66.0307
PAA,555,66.0307
PAA,556,66.0307
PAA,557,66.0307
PAA,558,66.0307
PAA,559,66.0307
PAA,560,66.0307
PAA,561,66.0307
PAA,562,66.0307
PAA,563,66.0307
PAA,564,66.0307
PAA,565,66.0307
PAA,566,66.0307
PAA,567,66.0307
PAA,568,66.0307
PAA,569,66.0307
PAA,570,66.0307
PAA,571,66.0307
PAA,572,66.0307
PAA,573,66.0307
PAA,574,66.0307
PAA,575,62.3975
PAA,576,62.3975
PAA,577,62.3975
PAA,578,62.3975
PAA,579,62.3975
PAA,580,62.3975
PAA,581,62.3975
PAA,582,62.3975
PAA,583,62.3975
PAA,584,62.3975
PAA,585,62.3975
PAA,586,62.3975
PAA,587,62.3975
PAA,588,62.3975
PAA,589,62.3975
PAA,590,62.3975
PAA,591,62.3975
PAA,592,62.3975
PAA,593,62.3975
PAA,594,62.3975
PAA,595,62.3975
PAA,596,62.3975
PAA,597,62.3975
PAA,598,62.3975
PAA,599,62.3975
PAA,600,61.0155
PAA,601,61.0155
PAA,602,61.0155
PAA,603,61.0155
PAA,604,61.0155
PAA,605,61.0155
PAA,606,61.0155
PAA,607,61.0155
PAA,608,61.0155
PAA,609,61.0155
PAA,610,61.0155
PAA,611,61.0155
PAA,612,61.0155
PAA,613,61.0155
PAA,614,61.0155
PAA,615,61.0155
PAA,616,61.0155
PAA,617,61.0155
PAA,618,61.0155
PAA,619,61.0155
PAA,620,61.0155
PAA,621,61.0155
PAA,622,61.0155
PAA,623,61.0155
PAA,624,61.0155
PAA,625,58.2837
PAA,626,58.2837
PAA,627,58.2837
PAA,628,58.2837
PAA,629,58.2837
PAA,630,58.2837
PAA,631,58.2837
PAA,632,58.2837
PAA,633,58.2837
PAA,634,58.2837
PAA,635,58.2837
PAA,636,58.2837
PAA,637,58.2837
PAA,638,58.2837
PAA,639,58.2837
PAA,640,58.2837
PAA,641,58.2837
PAA,642,58.2837
PAA,643,58.2837
PAA,644,58.2837
PAA,645,58.2837
PAA,646,58.2837
PAA,647,58.2837
PAA,648,58.2837
PAA,649,58.2837
PAA,650,73.7172
PAA,651,73.7172
PAA,652,73.7172
PAA,653,73.7172
PAA,654,73.7172
PAA,655,73.7172
PAA,656,73.7172
PAA,657,73.7172
PAA,658,73.7172
PAA,659,73.7172
PAA,660,73.7172
PAA,661,73.7172
PAA,662,73.7172
PAA,663,73.7172
PAA,664,73.7172
PAA,665,73.7172
PAA,666,73.7172
PAA,667,73.7172
PAA,668,73.7172
PAA,669,73.7172
PAA,670,73.7172
PAA,671,73.7172
PAA,672,73.7172
PAA,673,73.7172
PAA,674,73.7172
PAA,675,94.7821
PAA,676,94.7821
PAA,677,94.7821
PAA,678,94.7821
PAA,679,94.7821
PAA,680,94.7821
PAA,681,94.7821
PAA,682,94.7821
PAA,683,94.7821
PAA,684,94.7821
PAA,685,94.7821
PAA,686,94.7821
PAA,687,94.7821
PAA,688,94.7821
PAA,689,94.7821
PAA,690,94.7821
PAA,691,94.7821
PAA,692,94.7821
PAA,693,94.7821
PAA,694,94.7821
PAA,695,94.7821
PAA,696,94.7821
PAA,697,94.7821
PAA,698,94.7821
PAA,699,94.7821
PAA,700,86.3365
PAA,701,86.3365
PAA,702,86.3365
PAA,703,86.3365
PAA,704,86.3365
PAA,705,86.3365
PAA,706,86.3365
PAA,707,86.3365
PAA,708,86.3365
PAA,709,86.3365
PAA,710,86.3365
PAA,711,86.3365
PAA,712,86.3365
PAA,713,86.3365
PAA,714,86.3365
PAA,715,86.3365
PAA,716,86.3365
PAA,717,86.3365
PAA,718,86.3365
PAA,719,86.3365
PAA,720,86.3365
PAA,721,86.3365
PAA,722,86.3365
PAA,723,86.3365
PAA,724,86.3365
PAA,725,69.631
PAA,726,69.631
PAA,727,69.631
PAA,728,69.631
PAA,729,69.631
PAA,730,69.631
PAA,731,69.631
PAA,732,69.631
PAA,733,69.631
PAA,734,69.631
PAA,735,69.631
PAA,736,69.631
PAA,737,69.631
PAA,738,69.631
PAA,739,69.631
PAA,740,69.631
PAA,741,69.631
PAA,742,69.631
PAA,743,69.631
PAA,744,69.631
PAA,745,69.631
PAA,746,69.631
PAA,747,69.631
PAA,748,69.631
PAA,749,69.631
PAA,750,64.662
PAA,751,64.662
PAA,752,64.662
PAA,753,64.662
PAA,754,64.662
PAA,755,64.662
PAA,756,64.662
PAA,757,64.662
PAA,758,64.662
PAA,759,64.662
PAA,760,64.662
PAA,761,64.662
PAA,762,64.662
PAA,763,64.662
PAA,764,64.662
PAA,765,64.662
PAA,766,64.662
PAA,767,64.662
PAA,768,64.662
PAA,769,64.662
PAA,770,64.662
PAA,771,64.662
PAA,772,64.662
PAA,773,64.662
PAA,774,64.662
PAA,775,62.9568
PAA,776,62.9568
PAA,777,62.9568
PAA,778,62.9568
PAA,779,62.9568
PAA,780,62.9568
PAA,781,62.9568
PAA,782,62.9568
PAA,783,62.9568
PAA,784,62.9568
PAA,785,62.9568
PAA,786,62.9568
PAA,787,62.9568
PAA,788,62.9568
PAA,789,62.9568
PAA,790,62.9568
PAA,791,62.9568
PAA,792,62.9568
PAA,793,62.9568
PAA,794,62.9568
PAA,795,62.9568
PAA,796,62.9568
PAA,797,62.9568
PAA,798,62.9568
PAA,799,62.9568
PAA,800,60.173
PAA,801,60.173
PAA,802,60.173
PAA,803,60.173
PAA,804,60.173
PAA,805,60.173
PAA,806,60.173
PAA,807,60.173
PAA,808,60.173
PAA,809,60.173
PAA,810,60.173
PAA,811,60.173
PAA,812,60.173
PAA,813,60.173
PAA,814,60.173
PAA,815,60.173
PAA,816,60.173
PAA,817,60.173
PAA,818,60.173
PAA,819,60.173
PAA,820,60.173
PAA,821,60.173
PAA,822,60.173
PAA,823,60.173
PAA,824,60.173
PAA,825,66.8269
PAA,826,66.8269
PAA,827,66.8269
PAA,828,66.8269
PAA,829,66.8269
PAA,830,66.8269
PAA,831,66.8269
PAA,832,66.8269
PAA,833,66.8269
PAA,834,66.8269
PAA,835,66.8269
PAA,836,66.8269
PAA,837,66.8269
PAA,838,66.8269
PAA,839,66.8269
PAA,840,66.8269
PAA,841,66.8269
PAA,842,66.8269
PAA,843,66.8269
PAA,844,66.8269
PAA,845,66.8269
PAA,846,66.8269
PAA,847,66.8269
PAA,848,66.8269
PAA,849,66.8269
PAA,850,92.9408
PAA,851,92.9408
PAA,852,92.9408
PAA,853,92.9408
PAA,854,92.9408
PAA,855,92.9408
PAA,856,92.9408
PAA,857,92.9408
PAA,858,92.9408
PAA,859,92.9408
PAA,860,92.9408
PAA,861,92.9408
PAA,862,92.9408
PAA,863,92.9408
PAA,864,92.9408
PAA,865,92.9408
PAA,866,92.9408
PAA,867,92.9408
PAA,868,92.9408
PAA,869,92.9408
PAA,870,92.9408
PAA,871,92.9408
PAA,872,92.9408
PAA,873,92.9408
PAA,874,92.9408
PAA,875,96.759
PAA,876,96.759
PAA,877,96.759
PAA,878,96.759
PAA,879,96.759
PAA,880,96.759
PAA,881,96.759
PAA,882,96.759
PAA,883,96.759
PAA,884,96.759
PAA,885,96.759
PAA,886,96.759
PAA,887,96.759
PAA,888,96.759
PAA,889,96.759
PAA,890,96.759
PAA,891,96.759
PAA,892,96.759
PAA,893,96.759
PAA,894,96.759
PAA,895,96.759
PAA,896,96.759
PAA,897,96.759
PAA,898,96.759
PAA,899,96.759
PAA,900,74.7487
PAA,901,74.7487
PAA,902,74.7487
PAA,903,74.7487
PAA,904,74.7487
PAA,905,74.7487
PAA,906,74.7487
PAA,907,74.7487
PAA,908,74.7487
PAA,909,74.7487
PAA,910,74.7487
PAA,911,74.7487
PAA,912,74.7487
PAA,913,74.7487
PAA,914,74.7487
PAA,915,74.7487
PAA,916,74.7487
PAA,917,74.7487
PAA,918,74.7487
PAA,919,74.7487
PAA,920,74.7487
PAA,921,74.7487
PAA,922,74.7487
PAA,923,74.7487
PAA,924,74.7487
PAA,925,67.7008
PAA,926,67.7008
PAA,927,67.7008
PAA,928,67.7008
PAA,929,67.7008
PAA,930,67.7008
PAA,931,67.7008
PAA,932,67.7008
PAA,933,67.7008
PAA,934,67.7008
PAA,935,67.7008
PAA,936,67.7008
PAA,937,67.7008
PAA,938,67.7008
PAA,939,67.7008
PAA,940,67.7008
PAA,941,67.7008
PAA,942,67.7008
PAA,943,67.7008
PAA,944,67.7008
PAA,945,67.7008
PAA,946,67.7008
PAA,947,67.7008
PAA,948,67.7008
PAA,949,67.7008
PAA,950,65.0433
PAA,951,65.0433
PAA,952,65.0433
PAA,953,65.0433
PAA,954,65.0433
PAA,955,65.0433
PAA,956,65.0433
PAA,957,65.0433
PAA,958,65.0433
PAA,959,65.0433
PAA,960,65.0433
PAA,961,65.0433
PAA,962,65.0433
PAA,963,65.0433
PAA,964,65.0433
PAA,965,65.0433
PAA,966,65.0433
PAA,967,65.0433
PAA,968,65.0433
PAA,969,65.0433
PAA,970,65.0433
PAA,971,65.0433
PAA,972,65.0433
PAA,973,65.0433
PAA,974,65.0433
PAA,975,62.494
PAA,976,62.494
PAA,977,62.494
PAA,978,62.494
PAA,979,62.494
PAA,980,62.494
PAA,981,62.494
PAA,982,62.494
PAA,983,62.494
PAA,984,62.494
PAA,985,62.494
PAA,986,62.494
PAA,987,62.494
PAA,988,62.494
PAA,989,62.494
PAA,990,62.494
PAA,991,62.494
PAA,992,62.494
PAA,993,62.494
PAA,994,62.494
PAA,995,62.494
PAA,996,62.494
PAA,997,62.494
PAA,998,62.494
PAA,999,62.494
PAA,1000,60.517
PAA,1001,60.517
PAA,1002,60.517
PAA,1003,60.517
PAA,1004,60.517
PAA,1005,60.517
PAA,1006,60.517
PAA,1007,60.517
PAA,1008,60.517
PAA,1009,60.517
PAA,1010,60.517
PAA,1011,60.517
PAA,1012,60.517
PAA,1013,60.517
PAA,1014,60.517
PAA,1015,60.517
PAA,1016,60.517
PAA,1017,60.517
PAA,1018,60.517
PAA,1019,60.517
PAA,1020,60.517
PAA,1021,60.517
PAA,1022,60.517
PAA,1023,60.517
PAA,1024,60.517
PAA,1025,83.2794
PAA,1026,83.2794
PAA,1027,83.2794
PAA,1028,83.2794
PAA,1029,83.2794
PAA,1030,83.2794
PAA,1031,83.2794
PAA,1032,83.2794
PAA,1033,83.2794
PAA,1034,83.2794
PAA,1035,83.2794
PAA,1036,83.2794
PAA,1037,83.2794
PAA,1038,83.2794
PAA,1039,83.2794
PAA,1040,83.2794
PAA,1041,83.2794
PAA,1042,83.2794
PAA,1043,83.2794
PAA,1044,83.2794
PAA,1045,83.2794
PAA,1046,83.2794
PAA,1047,83.2794
PAA,1048,83.2794
PAA,1049,83.2794
PAA,1050,99.9541
PAA,1051,99.9541
PAA,1052,99.9541
PAA,1053,99.9541
PAA,1054,99.9541
PAA,1055,99.9541
PAA,1056,99.9541
PAA,1057,99.9541
PAA,1058,99.9541
PAA,1059,99.9541
PAA,1060,99.9541
PAA,1061,99.9541
PAA,1062,99.9541
PAA,1063,99.9541
PAA,1064,99.9541
PAA,1065,99.9541
PAA,1066,99.9541
PAA,1067,99.9541
PAA,1068,99.9541
PAA,1069,99.9541
PAA,1070,99.9541
PAA,1071,99.9541
PAA,1072,99.9541
PAA,1073,99.9541
PAA,1074,99.9541
PAA,1075,81.7665
PAA,1076,81.7665
PAA,1077,81.7665
PAA,1078,81.7665
PAA,1079,81.7665
PAA,1080,81.7665
PAA,1081,81.7665
PAA,1082,81.7665
PAA,1083,81.7665
PAA,1084,81.7665
PAA,1085,81.7665
PAA,1086,81.7665
PAA,1087,81.7665
PAA,1088,81.7665
PAA,1089,81.7665
PAA,1090,81.7665
PAA,1091,81.7665
PAA,1092,81.7665
PAA,1093,81.7665
PAA,1094,81.7665
PAA,1095,81.7665
PAA,1096,81.7665
PAA,1097,81.7665
PAA,1098,81.7665
PAA,1099,81.7665
PAA,1100,68.8206
PAA,1101,68.8206
PAA,1102,68.8206
PAA,1103,68.8206
PAA,1104,68.8206
PAA,1105,68.8206
PAA,1106,68.8206
PAA,1107,68.8206
PAA,1108,68.8206
PAA,1109,68.8206
PAA,1110,68.8206
PAA,1111,68.8206
PAA,1112,68.8206
PAA,1113,68.8206
PAA,1114,68.8206
PAA,1115,68.8206
PAA,1116,68.8206
PAA,1117,68.8206
PAA,1118,68.8206
PAA,1119,68.8206
PAA,1120,68.8206
PAA,1121,68.8206
PAA,1122,68.8206
PAA,1123,68.8206
PAA,1124,68.8206
PAA,1125,64.6295
PAA,1126,64.6295
PAA,1127,64.6295
PAA,1128,64.6295
PAA,1129,64.6295
PAA,1130,64.6295
PAA,1131,64.6295
PAA,1132,64.6295
PAA,1133,64.6295
PAA,1134,64.6295
PAA,1135,64.6295
PAA,1136,64.6295
PAA,1137,64.6295
PAA,1138,64.6295
PAA,1139,64.6295
PAA,1140,64.6295
PAA,1141,64.6295
PAA,1142,64.6295
PAA,1143,64.6295
PAA,1144,64.6295
PAA,1145,64.6295
PAA,1146,64.6295
PAA,1147,64.6295
PAA,1148,64.6295
PAA,1149,64.6295
PAA,1150,62.6595
PAA,1151,62.6595
PAA,1152,62.6595
PAA,1153,62.6595
PAA,1154,62.6595
PAA,1155,62.6595
PAA,1156,62.6595
PAA,1157,62.6595
PAA,1158,62.6595
PAA,1159,62.6595
PAA,1160,62.6595
PAA,1161,62.6595
PAA,1162,62.6595
PAA,1163,62.6595
PAA,1164,62.6595
PAA,1165,62.6595
PAA,1166,62.6595
PAA,1167,62.6595
PAA,1168,62.6595
PAA,1169,62.6595
PAA,1170,62.6595
PAA,1171,62.6595
PAA,1172,62.6595
PAA,1173,62.6595
PAA,1174,62.6595
PAA,1175,59.184
PAA,1176,59.184
PAA,1177,59.184
PAA,1178,59.184
PAA,1179,59.184
PAA,1180,59.184
PAA,1181,59.184
PAA,1182,59.184
PAA,1183,59.184
PAA,1184,59.184
PAA,1185,59.184
PAA,1186,59.184
PAA,1187,59.184
PAA,1188,59.184
PAA,1189,59.184
PAA,1190,59.184
PAA,1191,59.184
PAA,1192,59.184
PAA,1193,59.184
PAA,1194,59.184
PAA,1195,59.184
PAA,1196,59.184
PAA,1197,59.184
PAA,1198,59.184
PAA,1199,59.184
PAA,1200,67.9099
PAA,1201,67.9099
PAA,1202,67.9099
PAA,1203,67.9099
PAA,1204,67.9099
PAA,1205,67.9099
PAA,1206,67.9099
PAA,1207,67.9099
PAA,1208,67.9099
PAA,1209,67.9099
PAA,1210,67.9099
PAA,1211,67.9099
PAA,1212,67.9099
PAA,1213,67.9099
PAA,1214,67.9099
PAA,1215,67.9099
PAA,1216,67.9099
PAA,1217,67.9099
PAA,1218,67.9099
PAA,1219,67.9099
PAA,1220,67.9099
PAA,1221,67.9099
PAA,1222,67.9099
PAA,1223,67.9099
PAA,1224,67.9099
PAA,1225,88.8774
PAA,1226,88.8774
PAA,1227,88.8774
PAA,1228,88.8774
PAA,1229,88.8774
PAA,1230,88.8774
PAA,1231,88.8774
PAA,1232,88.8774
PAA,1233,88.8774
PAA,1234,88.8774
PAA,1235,88.8774
PAA,1236,88.8774
PAA,1237,88.8774
PAA,1238,88.8774
PAA,1239,88.8774
PAA,1240,88.8774
PAA,1241,88.8774
PAA,1242,88.8774
PAA,1243,88.8774
PAA,1244,88.8774
PAA,1245,88.8774
PAA,1246,88.8774
PAA,1247,88.8774
PAA,1248,88.8774
PAA,1249,88.8774
PAA,1250,84.5557
PAA,1251,84.5557
PAA,1252,84.5557
PAA,1253,84.5557
PAA,1254,84.5557
PAA,1255,84.5557
PAA,1256,84.5557
PAA,1257,84.5557
PAA,1258,84.5557
PAA,1259,84.5557
PAA,1260,84.5557
PAA,1261,84.5557
PAA,1262,84.5557
PAA,1263,84.5557
PAA,1264,84.5557
PAA,1265,84.5557
PAA,1266,84.5557
PAA,1267,84.5557
PAA,1268,84.5557
PAA,1269,84.5557
PAA,1270,84.5557
PAA,1271,84.5557
PAA,1272,84.5557
PAA,1273,84.5557
PAA,1274,84.5557
PAA,1275,68.2201
PAA,1276,68.2201
PAA,1277,68.2201
PAA,1278,68.2201
PAA,1279,68.2201
PAA,1280,68.2201
PAA,1281,68.2201
PAA,1282,68.2201
PAA,1283,68.2201
PAA,1284,68.2201
PAA,1285,68.2201
PAA,1286,68.2201
PAA,1287,68.2201
PAA,1288,68.2201
PAA,1289,68.2201
PAA,1290,68.2201
PAA,1291,68.2201
PAA,1292,68.2201
PAA,1293,68.2201
PAA,1294,68.2201
PAA,1295,68.2201
PAA,1296,68.2201
PAA,1297,68.2201
PAA,1298,68.2201
PAA,1299,68.2201
PAA,1300,61.8858
PAA,1301,61.8858
PAA,1302,61.8858
PAA,1303,61.8858
PAA,1304,61.8858
PAA,1305,61.8858
PAA,1306,61.8858
PAA,1307,61.8858
PAA,1308,61.8858
PAA,1309,61.8858
PAA,1310,61.8858
PAA,1311,61.8858
PAA,1312,61.8858
PAA,1313,61.8858
PAA,1314,61.8858
PAA,1315,61.8858
PAA,1316,61.8858
PAA,1317,61.8858
PAA,1318,61.8858
PAA,1319,61.8858
PAA,1320,61.8858
PAA,1321,61.8858
PAA,1322,61.8858
PAA,1323,61.8858
PAA,1324,61.8858
PAA,1325,60.345
PAA,1326,60.345
PAA,1327,60.345
PAA,1328,60.345
PAA,1329,60.345
PAA,1330,60.345
PAA,1331,60.345
PAA,1332,60.345
PAA,1333,60.345
PAA,1334,60.345
PAA,1335,60.345
PAA,1336,60.345
PAA,1337,60.345
PAA,1338,60.345
PAA,1339,60.345
PAA,1340,60.345
PAA,1341,60.345
PAA,1342,60.345
PAA,1343,60.345
PAA,1344,60.345
PAA,1345,60.345
PAA,1346,60.345
PAA,1347,60.345
PAA,1348,60.345
PAA,1349,60.345
PAA,1350,58.5612
PAA,1351,58.5612
PAA,1352,58.5612
PAA,1353,58.5612
PAA,1354,58.5612
PAA,1355,58.5612
PAA,1356,58.5612
PAA,1357,58.5612
PAA,1358,58.5612
PAA,1359,58.5612
PAA,1360,58.5612
PAA,1361,58.5612
PAA,1362,58.5612
PAA,1363,58.5612
PAA,1364,58.5612
PAA,1365,58.5612
PAA,1366,58.5612
PAA,1367,58.5612
PAA,1368,58.5612
PAA,1369,58.5612
PAA,1370,58.5612
PAA,1371,58.5612
PAA,1372,58.5612
PAA,1373,58.5612
PAA,1374,58.5612
PAA,1375,61.1369
PAA,1376,61.1369
PAA,1377,61.1369
PAA,1378,61.1369
PAA,1379,61.1369
PAA,1380,61.1369
PAA,1381,61.1369
PAA,1382,61.1369
PAA,1383,61.1369
PAA,1384,61.1369
PAA,1385,61.1369
PAA,1386,61.1369
PAA,1387,61.1369
PAA,1388,61.1369
PAA,1389,61.1369
PAA,1390,61.1369
PAA,1391,61.1369
PAA,1392,61.1369
PAA,1393,61.1369
PAA,1394,61.1369
PAA,1395,61.1369
PAA,1396,61.1369
PAA,1397,61.1369
PAA,1398,61.1369
PAA,1399,61.1369
PAA,1400,83.277
PAA,1401,83.277
PAA,1402,83.277
PAA,1403,83.277
PAA,1404,83.277
PAA,1405,83.277
PAA,1406,83.277
PAA,1407,83.277
PAA,1408,83.277
PAA,1409,83.277
PAA,1410,83.277
PAA,1411,83.277
PAA,1412,83.277
PAA,1413,83.277
PAA,1414,83.277
PAA,1415,83.277
PAA,1416,83.277
PAA,1417,83.277
PAA,1418,83.277
PAA,1419,83.277
PAA,1420,83.277
PAA,1421,83.277
PAA,1422,83.277
PAA,1423,83.277
PAA,1424,83.277
PAA,1425,88.6946
PAA,1426,88.6946
PAA,1427,88.6946
PAA,1428,88.6946
PAA,1429,88.6946
PAA,1430,88.6946
PAA,1431,88.6946
PAA,1432,88.6946
PAA,1433,88.6946
PAA,1434,88.6946
PAA,1435,88.6946
PAA,1436,88.6946
PAA,1437,88.6946
PAA,1438,88.6946
PAA,1439,88.6946
PAA,1440,88.6946
PAA,1441,88.6946
PAA,1442,88.6946
PAA,1443,88.6946
PAA,1444,88.6946
PAA,1445,88.6946
PAA,1446,88.6946
PAA,1447,88.6946
PAA,1448,88.6946
PAA,1449,88.6946
PAA,1450,71.1098
PAA,1451,71.1098
PAA,1452,71.1098
PAA,1453,71.1098
PAA,1454,71.1098
PAA,1455,71.1098
PAA,1456,71.1098
PAA,1457,71.1098
PAA,1458,71.1098
PAA,1459,71.1098
PAA,1460,71.1098
PAA,1461,71.1098
PAA,1462,71.1098
PAA,1463,71.1098
PAA,1464,71.1098
PAA,1465,71.1098
PAA,1466,71.1098
PAA,1467,71.1098
PAA,1468,71.1098
PAA,1469,71.1098
PAA,1470,71.1098
PAA,1471,71.1098
PAA,1472,71.1098
PAA,1473,71.1098
PAA,1474,71.1098
PAA,1475,62.6817
PAA,1476,62.6817
PAA,1477,62.6817
PAA,1478,62.6817
PAA,1479,62.6817
PAA,1480,62.6817
PAA,1481,62.6817
PAA,1482,62.6817
PAA,1483,62.6817
PAA,1484,62.6817
PAA,1485,62.6817
PAA,1486,62.6817
PAA,1487,62.6817
PAA,1488,62.6817
PAA,1489,62.6817
PAA,1490,62.6817
PAA,1491,62.6817
PAA,1492,62.6817
PAA,1493,62.6817
PAA,1494,62.6817
PAA,1495,62.6817
PAA,1496,62.6817
PAA,1497,62.6817
PAA,1498,62.6817
PAA,1499,62.6817
PAA,1500,60.4198
PAA,1501,60.4198
PAA,1502,60.4198
PAA,1503,60.4198
PAA,1504,60.4198
PAA,1505,60.4198
PAA,1506,60.4198
PAA,1507,60.4198
PAA,1508,60.4198
PAA,1509,60.4198
PAA,1510,60.4198
PAA,1511,60.4198
PAA,1512,60.4198
PAA,1513,60.4198
PAA,1514,60.4198
PAA,1515,60.4198
PAA,1516,60.4198
PAA,1517,60.4198
PAA,1518,60.4198
PAA,1519,60.4198
PAA,1520,60.4198
PAA,1521,60.4198
PAA,1522,60.4198
PAA,1523,60.4198
PAA,1524,60.4198
PAA,1525,59.1405
PAA,1526,59.1405
PAA,1527,59.1405
PAA,1528,59.1405
PAA,1529,59.1405
PAA,1530,59.1405
PAA,1531,59.1405
PAA,1532,59.1405
PAA,1533,59.1405
PAA,1534,59.1405
PAA,1535,59.1405
PAA,1536,59.1405
PAA,1537,59.1405
PAA,1538,59.1405
PAA,1539,59.1405
PAA,1540,59.1405
PAA,1541,59.1405
PAA,1542,59.1405
PAA,1543,59.1405
PAA,1544,59.1405
PAA,1545,59.1405
PAA,1546,59.1405
PAA,1547,59.1405
PAA,1548,59.1405
PAA,1549,59.1405
PAA,1550,58.6349
PAA,1551,58.6349
PAA,1552,58.6349
PAA,1553,58.6349
PAA,1554,58.6349
PAA,1555,58.6349
PAA,1556,58.6349
PAA,1557,58.6349
PAA,1558,58.6349
PAA,1559,58.6349
PAA,1560,58.6349
PAA,1561,58.6349
PAA,1562,58.6349
PAA,1563,58.6349
PAA,1564,58.6349
PAA,1565,58.6349
PAA,1566,58.6349
PAA,1567,58.6349
PAA,1568,58.6349
PAA,1569,58.6349
PAA,1570,58.6349
PAA,1571,58.6349
PAA,1572,58.6349
PAA,1573,58.6349
PAA,1574,58.6349
PAA,1575,80.3806
PAA,1576,80.3806
PAA,1577,80.3806
PAA,1578,80.3806
PAA,1579,80.3806
PAA,1580,80.3806
PAA,1581,80.3806
PAA,1582,80.3806
PAA,1583,80.3806
PAA,1584,80.3806
PAA,1585,80.3806
PAA,1586,80.3806
PAA,1587,80.3806
PAA,1588,80.3806
PAA,1589,80.3806
PAA,1590,80.3806
PAA,1591,80.3806
PAA,1592,80.3806
PAA,1593,80.3806
PAA,1594,80.3806
PAA,1595,80.3806
PAA,1596,80.3806
PAA,1597,80.3806
PAA,1598,80.3806
PAA,1599,80.3806
PAA,1600,94.0875
PAA,1601,94.0875
PAA,1602,94.0875
PAA,1603,94.0875
PAA,1604,94.0875
PAA,1605,94.0875
PAA,1606,94.0875
PAA,1607,94.0875
PAA,1608,94.0875
PAA,1609,94.0875
PAA,1610,94.0875
PAA,1611,94.0875
PAA,1612,94.0875
PAA,1613,94.0875
PAA,1614,94.0875
PAA,1615,94.0875
PAA,1616,94.0875
PAA,1617,94.0875
PAA,1618,94.0875
PAA,1619,94.0875
PAA,1620,94.0875
PAA,1621,94.0875
PAA,1622,94.0875
PAA,1623,94.0875
PAA,1624,94.0875
PAA,1625,76.9373
PAA,1626,76.9373
PAA,1627,76.9373
PAA,1628,76.9373
PAA,1629,76.9373
PAA,1630,76.9373
PAA,1631,76.9373
PAA,1632,76.9373
PAA,1633,76.9373
PAA,1634,76.9373
PAA,1635,76.9373
PAA,1636,76.9373
PAA,1637,76.9373
PAA,1638,76.9373
PAA,1639,76.9373
PAA,1640,76.9373
PAA,1641,76.9373
PAA,1642,76.9373
PAA,1643,76.9373
PAA,1644,76.9373
PAA,1645,76.9373
PAA,1646,76.9373
PAA,1647,76.9373
PAA,1648,76.9373
PAA,1649,76.9373
PAA,1650,65.7918
PAA,1651,65.7918
PAA,1652,65.7918
PAA,1653,65.7918
PAA,1654,65.7918
PAA,1655,65.7918
PAA,1656,65.7918
PAA,1657,65.7918
PAA,1658,65.7918
PAA,1659,65.7918
PAA,1660,65.7918
PAA,1661,65.7918
PAA,1662,65.7918
PAA,1663,65.7918
PAA,1664,65.7918
PAA,1665,65.7918
PAA,1666,65.7918
PAA,1667,65.7918
PAA,1668,65.7918
PAA,1669,65.7918
PAA,1670,65.7918
PAA,1671,65.7918
PAA,1672,65.7918
PAA,1673,65.7918
PAA,1674,65.7918
PAA,1675,62.3561
PAA,1676,62.3561
PAA,1677,62.3561
PAA,1678,62.3561
PAA,1679,62.3561
PAA,1680,62.3561
PAA,1681,62.3561
PAA,1682,62.3561
PAA,1683,62.3561
PAA,1684,62.3561
PAA,1685,62.3561
PAA,1686,62.3561
PAA,1687,62.3561
PAA,1688,62.3561
PAA,1689,62.3561
PAA,1690,62.3561
PAA,1691,62.3561
PAA,1692,62.3561
PAA,1693,62.3561
PAA,1694,62.3561
PAA,1695,62.3561
PAA,1696,62.3561
PAA,1697,62.3561
PAA,1698,62.3561
PAA,1699,62.3561
PAA,1700,60.9956
PAA,1701,60.9956
PAA,1702,60.9956
PAA,1703,60.9956
PAA,1704,60.9956
PAA,1705,60.9956
PAA,1706,60.9956
PAA,1707,60.9956
PAA,1708,60.9956
PAA,1709,60.9956
PAA,1710,60.9956
PAA,1711,60.9956
PAA,1712,60.9956
PAA,1713,60.9956
PAA,1714,60.9956
PAA,1715,60.9956
PAA,1716,60.9956
PAA,1717,60.9956
PAA,1718,60.9956
PAA,1719,60.9956
PAA,1720,60.9956
PAA,1721,60.9956
PAA,1722,60.9956
PAA,1723,60.9956
PAA,1724,60.9956
PAA,1725,58.2979
PAA,1726,58.2979
PAA,1727,58.2979
PAA,1728,58.2979
PAA,1729,58.2979
PAA,1730,58.2979
PAA,1731,58.2979
PAA,1732,58.2979
PAA,1733,58.2979
PAA,1734,58.2979
PAA,1735,58.2979
PAA,1736,58.2979
PAA,1737,58.2979
PAA,1738,58.2979
PAA,1739,58.2979
PAA,1740,58.2979
PAA,1741,58.2979
PAA,1742,58.2979
PAA,1743,58.2979
PAA,1744,58.2979
PAA,1745,58.2979
PAA,1746,58.2979
PAA,1747,58.2979
PAA,1748,58.2979
PAA,1749,58.2979
PAA,1750,74.7214
PAA,1751,74.7214
PAA,1752,74.7214
PAA,1753,74.7214
PAA,1754,74.7214
PAA,1755,74.7214
PAA,1756,74.7214
PAA,1757,74.7214
PAA,1758,74.7214
PAA,1759,74.7214
PAA,1760,74.7214
PAA,1761,74.7214
PAA,1762,74.7214
PAA,1763,74.7214
PAA,1764,74.7214
PAA,1765,74.7214
PAA,1766,74.7214
PAA,1767,74.7214
PAA,1768,74.7214
PAA,1769,74.7214
PAA,1770,74.7214
PAA,1771,74.7214
PAA,1772,74.7214
PAA,1773,74.7214
PAA,1774,74.7214
PAA,1775,95.0604
PAA,1776,95.0604
PAA,1777,95.0604
PAA,1778,95.0604
PAA,1779,95.0604
PAA,1780,95.0604
PAA,1781,95.0604
PAA,1782,95.0604
PAA,1783,95.0604
PAA,1784,95.0604
PAA,1785,95.0604
PAA,1786,95.0604
PAA,1787,95.0604
PAA,1788,95.0604
PAA,1789,95.0604
PAA,1790,95.0604
PAA,1791,95.0604
PAA,1792,95.0604
PAA,1793,95.0604
PAA,1794,95.0604
PAA,1795,95.0604
PAA,1796,95.0604
PAA,1797,95.0604
PAA,1798,95.0604
PAA,1799,95.0604
PAA,1800,85.2937
PAA,1801,85.2937
PAA,1802,85.2937
PAA,1803,85.2937
PAA,1804,85.2937
PAA,1805,85.2937
PAA,1806,85.2937
PAA,1807,85.2937
PAA,1808,85.2937
PAA,1809,85.2937
PAA,1810,85.2937
PAA,1811,85.2937
PAA,1812,85.2937
PAA,1813,85.2937
PAA,1814,85.2937
PAA,1815,85.2937
PAA,1816,85.2937
PAA,1817,85.2937
PAA,1818,85.2937
PAA,1819,85.2937
PAA,1820,85.2937
PAA,1821,85.2937
PAA,1822,85.2937
PAA,1823,85.2937
PAA,1824,85.2937
PAA,1825,69.4122
PAA,1826,69.4122
PAA,1827,69.4122
PAA,1828,69.4122
PAA,1829,69.4122
PAA,1830,69.4122
PAA,1831,69.4122
PAA,1832,69.4122
PAA,1833,69.4122
PAA,1834,69.4122
PAA,1835,69.4122
PAA,1836,69.4122
PAA,1837,69.4122
PAA,1838,69.4122
PAA,1839,69.4122
PAA,1840,69.4122
PAA,1841,69.4122
PAA,1842,69.4122
PAA,1843,69.4122
PAA,1844,69.4122
PAA,1845,69.4122
PAA,1846,69.4122
PAA,1847,69.4122
PAA,1848,69.4122
PAA,1849,69.4122
PAA,1850,64.5293
PAA,1851,64.5293
PAA,1852,64.5293
PAA,1853,64.5293
PAA,1854,64.5293
PAA,1855,64.5293
PAA,1856,64.5293
PAA,1857,64.5293
PAA,1858,64.5293
PAA,1859,64.5293
PAA,1860,64.5293
PAA,1861,64.5293
PAA,1862,64.5293
PAA,1863,64.5293
PAA,1864,64.5293
PAA,1865,64.5293
PAA,1866,64.5293
PAA,1867,64.5293
PAA,1868,64.5293
PAA,1869,64.5293
PAA,1870,64.5293
PAA,1871,64.5293
PAA,1872,64.5293
PAA,1873,64.5293
PAA,1874,64.5293
PAA,1875,62.9068
PAA,1876,62.9068
PAA,1877,62.9068
PAA,1878,62.9068
PAA,1879,62.9068
PAA,1880,62.9068
PAA,1881,62.9068
PAA,1882,62.9068
PAA,1883,62.9068
PAA,1884,62.9068
PAA,1885,62.9068
PAA,1886,62.9068
PAA,1887,62.9068
PAA,1888,62.9068
PAA,1889,62.9068
PAA,1890,62.9068
PAA,1891,62.9068
PAA,1892,62.9068
PAA,1893,62.9068
PAA,1894,62.9068
PAA,1895,62.9068
PAA,1896,62.9068
PAA,1897,62.9068
PAA,1898,62.9068
PAA,1899,62.9068
PAA,1900,60.0873
PAA,1901,60.0873
PAA,1902,60.0873
PAA,1903,60.0873
PAA,1904,60.0873
PAA,1905,60.0873
PAA,1906,60.0873
PAA,1907,60.0873
PAA,1908,60.0873
PAA,1909,60.0873
PAA,1910,60.0873
PAA,1911,60.0873
PAA,1912,60.0873
PAA,1913,60.0873
PAA,1914,60.0873
PAA,1915,60.0873
PAA,1916,60.0873
PAA,1917,60.0873
PAA,1918,60.0873
PAA,1919,60.0873
PAA,1920,60.0873
PAA,1921,60.0873
PAA,1922,60.0873
PAA,1923,60.0873
PAA,1924,60.0873
PAA,1925,68.0867
PAA,1926,68.0867
PAA,1927,68.0867
PAA,1928,68.0867
PAA,1929,68.0867
PAA,1930,68.0867
PAA,1931,68.0867
PAA,1932,68.0867
PAA,1933,68.0867
PAA,1934,68.0867
PAA,1935,68.0867
PAA,1936,68.0867
PAA,1937,68.0867
PAA,1938,68.0867
PAA,1939,68.0867
PAA,1940,68.0867
PAA,1941,68.0867
PAA,1942,68.0867
PAA,1943,68.0867
PAA,1944,68.0867
PAA,1945,68.0867
PAA,1946,68.0867
PAA,1947,68.0867
PAA,1948,68.0867
PAA,1949,68.0867
PAA,1950,93.8914
PAA,1951,93.8914
PAA,1952,93.8914
PAA,1953,93.8914
PAA,1954,93.8914
PAA,1955,93.8914
PAA,1956,93.8914
PAA,1957,93.8914
PAA,1958,93.8914
PAA,1959,93.8914
PAA,1960,93.8914
PAA,1961,93.8914
PAA,1962,93.8914
PAA,1963,93.8914
PAA,1964,93.8914
PAA,1965,93.8914
PAA,1966,93.8914
PAA,1967,93.8914
PAA,1968,93.8914
PAA,1969,93.8914
PAA,1970,93.8914
PAA,1971,93.8914
PAA,1972,93.8914
PAA,1973,93.8914
PAA,1974,93.8914
PAA,1975,95.6503
PAA,1976,95.6503
PAA,1977,95.6503
PAA,1978,95.6503
PAA,1979,95.6503
PAA,1980,95.6503
PAA,1981,95.6503
PAA,1982,95.6503
PAA,1983,95.6503
PAA,1984,95.6503
PAA,1985,95.6503
PAA,1986,95.6503
PAA,1987,95.6503
PAA,1988,95.6503
PAA,1989,95.6503
PAA,1990,95.6503
PAA,1991,95.6503
PAA,1992,95.6503
PAA,1993,95.6503
PAA,1994,95.6503
PAA,1995,95.6503
PAA,1996,95.6503
PAA,1997,95.6503
PAA,1998,95.6503
PAA,1999,95.6503
